Treebank,Encoding,Language Model,Finetuned,Pretrained,UAS,LAS,CLAS,MLAS,BLEX,
UD_Ligurian-GLT,2-planar-brackets-greedy,bert-base-multilingual-cased,finetuned,pretrained,34.74,28.36,11.43,1.71,0.0,
UD_Ligurian-GLT,2-planar-brackets-greedy,bert-base-multilingual-cased,not_finetuned,pretrained,11.18,7.15,3.6,0.87,0.0,
UD_Ligurian-GLT,2-planar-brackets-greedy,bert-base-multilingual-cased,not_finetuned,not_pretrained,8.49,2.93,5.08,0.85,0.0,
UD_Ligurian-GLT,rel-pos,bert-base-multilingual-cased,finetuned,pretrained,60.03,46.45,31.93,6.15,0.0,
UD_Ligurian-GLT,rel-pos,bert-base-multilingual-cased,not_finetuned,pretrained,40.5,31.67,17.09,5.89,0.0,
UD_Ligurian-GLT,rel-pos,bert-base-multilingual-cased,not_finetuned,not_pretrained,30.52,22.41,11.3,5.45,0.0,
UD_Ligurian-GLT,arc-hybrid,bert-base-multilingual-cased,finetuned,pretrained,25.86,18.09,4.07,0.09,0.0,
UD_Ligurian-GLT,arc-hybrid,bert-base-multilingual-cased,not_finetuned,pretrained,30.81,21.69,7.88,1.04,0.0,
UD_Ligurian-GLT,arc-hybrid,bert-base-multilingual-cased,not_finetuned,not_pretrained,18.62,12.14,3.17,0.23,0.0,
UD_Ligurian-GLT,2-planar-brackets-greedy,xlm-roberta-base,finetuned,pretrained,30.09,24.66,7.52,0.5,0.0,
UD_Ligurian-GLT,2-planar-brackets-greedy,xlm-roberta-base,not_finetuned,pretrained,6.0,1.63,1.64,0.14,0.0,
UD_Ligurian-GLT,2-planar-brackets-greedy,xlm-roberta-base,not_finetuned,not_pretrained,9.21,3.84,5.59,1.36,0.0,
UD_Ligurian-GLT,rel-pos,xlm-roberta-base,finetuned,pretrained,56.86,40.4,22.79,3.46,0.0,
UD_Ligurian-GLT,rel-pos,xlm-roberta-base,not_finetuned,pretrained,21.45,12.19,4.57,2.36,0.0,
UD_Ligurian-GLT,rel-pos,xlm-roberta-base,not_finetuned,not_pretrained,28.26,21.31,10.43,5.63,0.0,
UD_Ligurian-GLT,arc-hybrid,xlm-roberta-base,finetuned,pretrained,21.98,14.25,2.88,0.0,0.0,
UD_Ligurian-GLT,arc-hybrid,xlm-roberta-base,not_finetuned,pretrained,14.16,9.84,2.22,0.39,0.0,
UD_Ligurian-GLT,arc-hybrid,xlm-roberta-base,not_finetuned,not_pretrained,22.74,14.59,4.48,0.45,0.0,
UD_Ligurian-GLT,2-planar-brackets-greedy,google/canine-c,finetuned,pretrained,2.16,0.48,1.64,0.0,0.0,
UD_Ligurian-GLT,2-planar-brackets-greedy,google/canine-c,not_finetuned,pretrained,10.22,3.6,2.31,0.12,0.0,
UD_Ligurian-GLT,2-planar-brackets-greedy,google/canine-c,not_finetuned,not_pretrained,8.93,4.37,5.45,0.43,0.0,
UD_Ligurian-GLT,rel-pos,google/canine-c,finetuned,pretrained,23.75,10.89,1.64,0.0,0.0,
UD_Ligurian-GLT,rel-pos,google/canine-c,not_finetuned,pretrained,27.88,14.44,6.04,0.83,0.0,
UD_Ligurian-GLT,rel-pos,google/canine-c,not_finetuned,not_pretrained,28.26,17.42,7.45,1.61,0.0,
UD_Ligurian-GLT,arc-hybrid,google/canine-c,finetuned,pretrained,2.4,0.58,1.64,0.0,0.0,
UD_Ligurian-GLT,arc-hybrid,google/canine-c,not_finetuned,pretrained,19.29,8.16,0.92,0.12,0.0,
UD_Ligurian-GLT,arc-hybrid,google/canine-c,not_finetuned,not_pretrained,21.4,12.81,4.48,0.94,0.0,
UD_Bhojpuri-BHTB,2-planar-brackets-greedy,bert-base-multilingual-cased,finetuned,pretrained,31.15,24.92,9.35,0.66,0.0,
UD_Bhojpuri-BHTB,2-planar-brackets-greedy,bert-base-multilingual-cased,not_finetuned,pretrained,19.28,17.04,1.53,0.4,0.0,
UD_Bhojpuri-BHTB,2-planar-brackets-greedy,bert-base-multilingual-cased,not_finetuned,not_pretrained,18.1,14.38,3.26,0.54,0.0,
UD_Bhojpuri-BHTB,rel-pos,bert-base-multilingual-cased,finetuned,pretrained,48.78,37.27,26.31,1.94,0.0,
UD_Bhojpuri-BHTB,rel-pos,bert-base-multilingual-cased,not_finetuned,pretrained,42.23,30.72,19.42,2.47,0.0,
UD_Bhojpuri-BHTB,rel-pos,bert-base-multilingual-cased,not_finetuned,not_pretrained,35.73,24.87,14.66,2.12,0.0,
UD_Bhojpuri-BHTB,arc-hybrid,bert-base-multilingual-cased,finetuned,pretrained,34.61,26.25,9.57,1.12,0.0,
UD_Bhojpuri-BHTB,arc-hybrid,bert-base-multilingual-cased,not_finetuned,pretrained,34.82,25.99,9.42,1.13,0.0,
UD_Bhojpuri-BHTB,arc-hybrid,bert-base-multilingual-cased,not_finetuned,not_pretrained,23.38,17.31,4.67,0.55,0.0,
UD_Bhojpuri-BHTB,2-planar-brackets-greedy,xlm-roberta-base,finetuned,pretrained,16.24,14.96,0.38,0.08,0.0,
UD_Bhojpuri-BHTB,2-planar-brackets-greedy,xlm-roberta-base,not_finetuned,pretrained,12.89,11.77,0.36,0.07,0.0,
UD_Bhojpuri-BHTB,2-planar-brackets-greedy,xlm-roberta-base,not_finetuned,not_pretrained,15.55,13.15,1.49,0.16,0.0,
UD_Bhojpuri-BHTB,rel-pos,xlm-roberta-base,finetuned,pretrained,46.7,29.34,21.87,1.91,0.0,
UD_Bhojpuri-BHTB,rel-pos,xlm-roberta-base,not_finetuned,pretrained,27.05,19.7,10.76,0.67,0.0,
UD_Bhojpuri-BHTB,rel-pos,xlm-roberta-base,not_finetuned,not_pretrained,36.63,24.55,13.14,1.84,0.0,
UD_Bhojpuri-BHTB,arc-hybrid,xlm-roberta-base,finetuned,pretrained,30.46,23.22,6.89,0.4,0.0,
UD_Bhojpuri-BHTB,arc-hybrid,xlm-roberta-base,not_finetuned,pretrained,23.59,18.64,5.34,0.08,0.0,
UD_Bhojpuri-BHTB,arc-hybrid,xlm-roberta-base,not_finetuned,not_pretrained,22.52,17.52,4.58,0.47,0.0,
UD_Bhojpuri-BHTB,2-planar-brackets-greedy,google/canine-c,finetuned,pretrained,9.27,7.4,0.14,0.07,0.0,
UD_Bhojpuri-BHTB,2-planar-brackets-greedy,google/canine-c,not_finetuned,pretrained,12.94,9.11,0.34,0.09,0.0,
UD_Bhojpuri-BHTB,2-planar-brackets-greedy,google/canine-c,not_finetuned,not_pretrained,17.09,13.26,1.16,0.08,0.0,
UD_Bhojpuri-BHTB,rel-pos,google/canine-c,finetuned,pretrained,11.45,8.79,0.44,0.0,0.0,
UD_Bhojpuri-BHTB,rel-pos,google/canine-c,not_finetuned,pretrained,20.82,14.54,6.5,0.31,0.0,
UD_Bhojpuri-BHTB,rel-pos,google/canine-c,not_finetuned,not_pretrained,33.39,22.79,12.56,1.17,0.0,
UD_Bhojpuri-BHTB,arc-hybrid,google/canine-c,finetuned,pretrained,6.02,1.97,0.14,0.0,0.0,
UD_Bhojpuri-BHTB,arc-hybrid,google/canine-c,not_finetuned,pretrained,7.67,4.79,0.28,0.07,0.0,
UD_Bhojpuri-BHTB,arc-hybrid,google/canine-c,not_finetuned,not_pretrained,23.48,16.88,5.26,0.24,0.0,
UD_Kiche-IU,2-planar-brackets-greedy,bert-base-multilingual-cased,finetuned,pretrained,78.5,69.18,61.64,24.84,0.0,
UD_Kiche-IU,2-planar-brackets-greedy,bert-base-multilingual-cased,not_finetuned,pretrained,64.07,51.01,42.3,15.02,0.0,
UD_Kiche-IU,2-planar-brackets-greedy,bert-base-multilingual-cased,not_finetuned,not_pretrained,59.29,45.16,35.52,12.13,0.0,
UD_Kiche-IU,rel-pos,bert-base-multilingual-cased,finetuned,pretrained,82.92,74.51,67.38,27.92,0.0,
UD_Kiche-IU,rel-pos,bert-base-multilingual-cased,not_finetuned,pretrained,66.98,55.53,44.33,17.46,0.0,
UD_Kiche-IU,rel-pos,bert-base-multilingual-cased,not_finetuned,not_pretrained,64.01,51.21,40.05,16.2,0.0,
UD_Kiche-IU,arc-hybrid,bert-base-multilingual-cased,finetuned,pretrained,74.41,64.56,57.86,23.62,0.0,
UD_Kiche-IU,arc-hybrid,bert-base-multilingual-cased,not_finetuned,pretrained,61.09,49.08,40.94,16.98,0.0,
UD_Kiche-IU,arc-hybrid,bert-base-multilingual-cased,not_finetuned,not_pretrained,55.86,43.0,34.26,14.38,0.0,
UD_Kiche-IU,2-planar-brackets-greedy,xlm-roberta-base,finetuned,pretrained,73.46,61.78,51.82,20.43,0.0,
UD_Kiche-IU,2-planar-brackets-greedy,xlm-roberta-base,not_finetuned,pretrained,48.49,33.38,24.68,7.69,0.0,
UD_Kiche-IU,2-planar-brackets-greedy,xlm-roberta-base,not_finetuned,not_pretrained,54.61,41.59,32.94,10.54,0.0,
UD_Kiche-IU,rel-pos,xlm-roberta-base,finetuned,pretrained,79.42,70.09,60.71,24.54,0.0,
UD_Kiche-IU,rel-pos,xlm-roberta-base,not_finetuned,pretrained,53.14,40.67,26.07,10.0,0.0,
UD_Kiche-IU,rel-pos,xlm-roberta-base,not_finetuned,not_pretrained,60.96,48.76,37.25,14.78,0.0,
UD_Kiche-IU,arc-hybrid,xlm-roberta-base,finetuned,pretrained,69.8,56.9,49.34,20.69,0.0,
UD_Kiche-IU,arc-hybrid,xlm-roberta-base,not_finetuned,pretrained,45.03,31.45,22.8,9.54,0.0,
UD_Kiche-IU,arc-hybrid,xlm-roberta-base,not_finetuned,not_pretrained,53.93,41.23,32.83,13.2,0.0,
UD_Kiche-IU,2-planar-brackets-greedy,google/canine-c,finetuned,pretrained,43.1,22.77,18.51,1.57,0.0,
UD_Kiche-IU,2-planar-brackets-greedy,google/canine-c,not_finetuned,pretrained,44.8,25.69,22.39,3.88,0.0,
UD_Kiche-IU,2-planar-brackets-greedy,google/canine-c,not_finetuned,not_pretrained,61.85,47.41,40.58,13.56,0.0,
UD_Kiche-IU,rel-pos,google/canine-c,finetuned,pretrained,47.61,31.87,25.19,4.88,0.0,
UD_Kiche-IU,rel-pos,google/canine-c,not_finetuned,pretrained,43.91,31.18,26.98,4.27,0.0,
UD_Kiche-IU,rel-pos,google/canine-c,not_finetuned,not_pretrained,62.4,50.29,41.62,14.51,0.0,
UD_Kiche-IU,arc-hybrid,google/canine-c,finetuned,pretrained,42.8,31.58,22.44,5.32,0.0,
UD_Kiche-IU,arc-hybrid,google/canine-c,not_finetuned,pretrained,34.82,24.28,18.79,4.53,0.0,
UD_Kiche-IU,arc-hybrid,google/canine-c,not_finetuned,not_pretrained,55.4,43.16,35.65,13.12,0.0,
UD_Guajajara-TuDeT,2-planar-brackets-greedy,bert-base-multilingual-cased,finetuned,pretrained,60.67,46.55,37.92,14.25,0.0,
UD_Guajajara-TuDeT,2-planar-brackets-greedy,bert-base-multilingual-cased,not_finetuned,pretrained,49.75,30.92,22.61,6.46,0.0,
UD_Guajajara-TuDeT,2-planar-brackets-greedy,bert-base-multilingual-cased,not_finetuned,not_pretrained,48.24,31.76,27.42,7.8,0.0,
UD_Guajajara-TuDeT,rel-pos,bert-base-multilingual-cased,finetuned,pretrained,61.34,48.91,42.31,17.07,0.0,
UD_Guajajara-TuDeT,rel-pos,bert-base-multilingual-cased,not_finetuned,pretrained,53.61,33.45,23.35,5.54,0.0,
UD_Guajajara-TuDeT,rel-pos,bert-base-multilingual-cased,not_finetuned,not_pretrained,54.62,38.66,33.01,11.17,0.0,
UD_Guajajara-TuDeT,arc-hybrid,bert-base-multilingual-cased,finetuned,pretrained,42.18,24.71,22.75,5.23,0.0,
UD_Guajajara-TuDeT,arc-hybrid,bert-base-multilingual-cased,not_finetuned,pretrained,45.04,26.39,24.41,7.98,0.0,
UD_Guajajara-TuDeT,arc-hybrid,bert-base-multilingual-cased,not_finetuned,not_pretrained,43.36,26.39,24.27,6.77,0.0,
UD_Guajajara-TuDeT,2-planar-brackets-greedy,xlm-roberta-base,finetuned,pretrained,54.45,38.99,31.03,10.34,0.0,
UD_Guajajara-TuDeT,2-planar-brackets-greedy,xlm-roberta-base,not_finetuned,pretrained,42.52,18.99,18.41,5.5,0.0,
UD_Guajajara-TuDeT,2-planar-brackets-greedy,xlm-roberta-base,not_finetuned,not_pretrained,52.44,35.29,28.32,10.11,0.0,
UD_Guajajara-TuDeT,rel-pos,xlm-roberta-base,finetuned,pretrained,56.97,40.84,32.21,10.58,0.0,
UD_Guajajara-TuDeT,rel-pos,xlm-roberta-base,not_finetuned,pretrained,56.47,30.76,24.2,3.5,0.0,
UD_Guajajara-TuDeT,rel-pos,xlm-roberta-base,not_finetuned,not_pretrained,55.97,37.14,29.88,8.15,0.0,
UD_Guajajara-TuDeT,arc-hybrid,xlm-roberta-base,finetuned,pretrained,36.81,18.32,16.65,3.28,0.0,
UD_Guajajara-TuDeT,arc-hybrid,xlm-roberta-base,not_finetuned,pretrained,46.72,12.1,9.01,0.0,0.0,
UD_Guajajara-TuDeT,arc-hybrid,xlm-roberta-base,not_finetuned,not_pretrained,44.54,26.39,25.54,7.64,0.0,
UD_Guajajara-TuDeT,2-planar-brackets-greedy,google/canine-c,finetuned,pretrained,42.69,16.64,20.68,2.78,0.0,
UD_Guajajara-TuDeT,2-planar-brackets-greedy,google/canine-c,not_finetuned,pretrained,45.55,22.18,22.31,4.87,0.0,
UD_Guajajara-TuDeT,2-planar-brackets-greedy,google/canine-c,not_finetuned,not_pretrained,48.74,29.24,25.75,6.85,0.0,
UD_Guajajara-TuDeT,rel-pos,google/canine-c,finetuned,pretrained,41.85,8.74,10.27,1.38,0.0,
UD_Guajajara-TuDeT,rel-pos,google/canine-c,not_finetuned,pretrained,52.61,26.39,24.36,5.6,0.0,
UD_Guajajara-TuDeT,rel-pos,google/canine-c,not_finetuned,not_pretrained,54.29,32.61,24.46,5.1,0.0,
UD_Guajajara-TuDeT,arc-hybrid,google/canine-c,finetuned,pretrained,42.18,8.91,18.56,2.45,0.0,
UD_Guajajara-TuDeT,arc-hybrid,google/canine-c,not_finetuned,pretrained,40.0,15.29,17.27,2.99,0.0,
UD_Guajajara-TuDeT,arc-hybrid,google/canine-c,not_finetuned,not_pretrained,41.18,24.03,23.84,8.82,0.0,
UD_Skolt_Sami-Giellagas,2-planar-brackets-greedy,bert-base-multilingual-cased,finetuned,pretrained,29.55,14.57,10.69,0.0,0.0,
UD_Skolt_Sami-Giellagas,2-planar-brackets-greedy,bert-base-multilingual-cased,not_finetuned,pretrained,19.7,9.18,5.84,0.0,0.0,
UD_Skolt_Sami-Giellagas,2-planar-brackets-greedy,bert-base-multilingual-cased,not_finetuned,not_pretrained,24.16,11.47,9.13,0.47,0.0,
UD_Skolt_Sami-Giellagas,rel-pos,bert-base-multilingual-cased,finetuned,pretrained,42.51,29.42,18.34,0.0,0.0,
UD_Skolt_Sami-Giellagas,rel-pos,bert-base-multilingual-cased,not_finetuned,pretrained,42.38,26.05,16.2,1.47,0.0,
UD_Skolt_Sami-Giellagas,rel-pos,bert-base-multilingual-cased,not_finetuned,not_pretrained,33.47,22.81,11.86,1.32,0.0,
UD_Skolt_Sami-Giellagas,arc-hybrid,bert-base-multilingual-cased,finetuned,pretrained,8.77,4.18,3.83,0.0,0.0,
UD_Skolt_Sami-Giellagas,arc-hybrid,bert-base-multilingual-cased,not_finetuned,pretrained,14.3,8.37,6.22,0.44,0.0,
UD_Skolt_Sami-Giellagas,arc-hybrid,bert-base-multilingual-cased,not_finetuned,not_pretrained,16.33,7.96,8.42,0.46,0.0,
UD_Skolt_Sami-Giellagas,2-planar-brackets-greedy,xlm-roberta-base,finetuned,pretrained,27.26,11.2,8.82,0.82,0.0,
UD_Skolt_Sami-Giellagas,2-planar-brackets-greedy,xlm-roberta-base,not_finetuned,pretrained,24.83,6.88,5.37,1.65,0.0,
UD_Skolt_Sami-Giellagas,2-planar-brackets-greedy,xlm-roberta-base,not_finetuned,not_pretrained,25.51,14.17,14.73,2.17,0.0,
UD_Skolt_Sami-Giellagas,rel-pos,xlm-roberta-base,finetuned,pretrained,40.49,28.74,16.9,2.14,0.0,
UD_Skolt_Sami-Giellagas,rel-pos,xlm-roberta-base,not_finetuned,pretrained,36.71,14.84,9.61,3.09,0.0,
UD_Skolt_Sami-Giellagas,rel-pos,xlm-roberta-base,not_finetuned,not_pretrained,41.7,25.51,18.41,3.14,0.0,
UD_Skolt_Sami-Giellagas,arc-hybrid,xlm-roberta-base,finetuned,pretrained,5.94,2.83,1.58,0.0,0.0,
UD_Skolt_Sami-Giellagas,arc-hybrid,xlm-roberta-base,not_finetuned,pretrained,7.15,2.97,1.65,0.0,0.0,
UD_Skolt_Sami-Giellagas,arc-hybrid,xlm-roberta-base,not_finetuned,not_pretrained,12.01,6.48,5.99,0.67,0.0,
UD_Skolt_Sami-Giellagas,2-planar-brackets-greedy,google/canine-c,finetuned,pretrained,5.26,2.56,4.02,0.0,0.0,
UD_Skolt_Sami-Giellagas,2-planar-brackets-greedy,google/canine-c,not_finetuned,pretrained,22.81,7.15,6.1,0.22,0.0,
UD_Skolt_Sami-Giellagas,2-planar-brackets-greedy,google/canine-c,not_finetuned,not_pretrained,17.14,7.56,6.98,0.54,0.0,
UD_Skolt_Sami-Giellagas,rel-pos,google/canine-c,finetuned,pretrained,36.03,9.85,4.21,0.0,0.0,
UD_Skolt_Sami-Giellagas,rel-pos,google/canine-c,not_finetuned,pretrained,34.28,12.15,9.35,1.56,0.0,
UD_Skolt_Sami-Giellagas,rel-pos,google/canine-c,not_finetuned,not_pretrained,36.71,19.57,14.11,2.46,0.0,
UD_Skolt_Sami-Giellagas,arc-hybrid,google/canine-c,finetuned,pretrained,5.94,1.21,0.0,0.0,0.0,
UD_Skolt_Sami-Giellagas,arc-hybrid,google/canine-c,not_finetuned,pretrained,15.38,5.13,5.34,0.0,0.0,
UD_Skolt_Sami-Giellagas,arc-hybrid,google/canine-c,not_finetuned,not_pretrained,16.06,9.04,10.1,1.48,0.0,
UD_Armenian-ArmTDP,2-planar-brackets-greedy,bert-base-multilingual-cased,finetuned,pretrained,79.58,71.66,66.68,9.53,0.0,
UD_Armenian-ArmTDP,2-planar-brackets-greedy,bert-base-multilingual-cased,not_finetuned,pretrained,53.46,38.81,31.32,5.8,0.0,
UD_Armenian-ArmTDP,2-planar-brackets-greedy,bert-base-multilingual-cased,not_finetuned,not_pretrained,27.82,15.06,9.08,2.21,0.0,
UD_Armenian-ArmTDP,rel-pos,bert-base-multilingual-cased,finetuned,pretrained,77.02,71.18,67.76,9.87,0.0,
UD_Armenian-ArmTDP,rel-pos,bert-base-multilingual-cased,not_finetuned,pretrained,59.49,49.4,41.14,6.69,0.0,
UD_Armenian-ArmTDP,rel-pos,bert-base-multilingual-cased,not_finetuned,not_pretrained,34.84,25.94,15.75,3.16,0.0,
UD_Armenian-ArmTDP,arc-hybrid,bert-base-multilingual-cased,finetuned,pretrained,70.33,63.32,60.06,9.55,0.0,
UD_Armenian-ArmTDP,arc-hybrid,bert-base-multilingual-cased,not_finetuned,pretrained,43.01,33.68,27.49,4.83,0.0,
UD_Armenian-ArmTDP,arc-hybrid,bert-base-multilingual-cased,not_finetuned,not_pretrained,21.02,13.45,7.68,1.09,0.0,
UD_Armenian-ArmTDP,2-planar-brackets-greedy,xlm-roberta-base,finetuned,pretrained,81.67,74.49,70.3,10.43,0.0,
UD_Armenian-ArmTDP,2-planar-brackets-greedy,xlm-roberta-base,not_finetuned,pretrained,43.05,30.95,24.04,5.39,0.0,
UD_Armenian-ArmTDP,2-planar-brackets-greedy,xlm-roberta-base,not_finetuned,not_pretrained,23.79,13.34,8.78,2.02,0.0,
UD_Armenian-ArmTDP,rel-pos,xlm-roberta-base,finetuned,pretrained,77.8,73.05,70.72,10.28,0.0,
UD_Armenian-ArmTDP,rel-pos,xlm-roberta-base,not_finetuned,pretrained,53.29,43.84,36.06,6.81,0.0,
UD_Armenian-ArmTDP,rel-pos,xlm-roberta-base,not_finetuned,not_pretrained,34.82,25.05,16.44,3.16,0.0,
UD_Armenian-ArmTDP,arc-hybrid,xlm-roberta-base,finetuned,pretrained,69.59,63.1,61.3,9.82,0.0,
UD_Armenian-ArmTDP,arc-hybrid,xlm-roberta-base,not_finetuned,pretrained,32.29,25.9,22.18,4.47,0.0,
UD_Armenian-ArmTDP,arc-hybrid,xlm-roberta-base,not_finetuned,not_pretrained,19.18,12.41,7.94,1.3,0.0,
UD_Armenian-ArmTDP,2-planar-brackets-greedy,google/canine-c,finetuned,pretrained,33.78,16.65,11.1,1.8,0.0,
UD_Armenian-ArmTDP,2-planar-brackets-greedy,google/canine-c,not_finetuned,pretrained,28.47,13.78,8.2,1.33,0.0,
UD_Armenian-ArmTDP,2-planar-brackets-greedy,google/canine-c,not_finetuned,not_pretrained,27.47,15.14,8.22,1.63,0.0,
UD_Armenian-ArmTDP,rel-pos,google/canine-c,finetuned,pretrained,46.4,26.67,19.93,1.77,0.0,
UD_Armenian-ArmTDP,rel-pos,google/canine-c,not_finetuned,pretrained,35.35,22.78,13.82,2.31,0.0,
UD_Armenian-ArmTDP,rel-pos,google/canine-c,not_finetuned,not_pretrained,36.22,25.78,14.44,2.5,0.0,
UD_Armenian-ArmTDP,arc-hybrid,google/canine-c,finetuned,pretrained,27.66,17.0,12.07,0.59,0.0,
UD_Armenian-ArmTDP,arc-hybrid,google/canine-c,not_finetuned,pretrained,18.16,10.28,6.59,0.66,0.0,
UD_Armenian-ArmTDP,arc-hybrid,google/canine-c,not_finetuned,not_pretrained,20.73,13.47,6.96,0.78,0.0,
UD_Welsh-CCG,2-planar-brackets-greedy,bert-base-multilingual-cased,finetuned,pretrained,77.54,68.89,61.36,7.24,0.0,
UD_Welsh-CCG,2-planar-brackets-greedy,bert-base-multilingual-cased,not_finetuned,pretrained,57.44,44.89,34.47,3.62,0.0,
UD_Welsh-CCG,2-planar-brackets-greedy,bert-base-multilingual-cased,not_finetuned,not_pretrained,36.25,22.35,12.47,1.54,0.0,
UD_Welsh-CCG,rel-pos,bert-base-multilingual-cased,finetuned,pretrained,79.68,72.2,66.24,8.08,0.0,
UD_Welsh-CCG,rel-pos,bert-base-multilingual-cased,not_finetuned,pretrained,66.52,53.23,42.5,4.71,0.0,
UD_Welsh-CCG,rel-pos,bert-base-multilingual-cased,not_finetuned,not_pretrained,55.66,35.39,24.94,2.12,0.0,
UD_Welsh-CCG,arc-hybrid,bert-base-multilingual-cased,finetuned,pretrained,67.74,58.72,50.52,5.97,0.0,
UD_Welsh-CCG,arc-hybrid,bert-base-multilingual-cased,not_finetuned,pretrained,53.45,42.59,30.43,3.49,0.0,
UD_Welsh-CCG,arc-hybrid,bert-base-multilingual-cased,not_finetuned,not_pretrained,37.25,23.02,13.91,1.6,0.0,
UD_Welsh-CCG,2-planar-brackets-greedy,xlm-roberta-base,finetuned,pretrained,76.48,68.96,61.49,7.34,0.0,
UD_Welsh-CCG,2-planar-brackets-greedy,xlm-roberta-base,not_finetuned,pretrained,39.76,27.95,13.97,0.94,0.0,
UD_Welsh-CCG,2-planar-brackets-greedy,xlm-roberta-base,not_finetuned,not_pretrained,37.34,23.55,13.63,1.7,0.0,
UD_Welsh-CCG,rel-pos,xlm-roberta-base,finetuned,pretrained,80.04,73.5,68.3,8.04,0.0,
UD_Welsh-CCG,rel-pos,xlm-roberta-base,not_finetuned,pretrained,60.22,40.83,30.05,1.83,0.0,
UD_Welsh-CCG,rel-pos,xlm-roberta-base,not_finetuned,not_pretrained,54.1,34.48,25.27,2.48,0.0,
UD_Welsh-CCG,arc-hybrid,xlm-roberta-base,finetuned,pretrained,63.05,54.53,47.46,5.52,0.0,
UD_Welsh-CCG,arc-hybrid,xlm-roberta-base,not_finetuned,pretrained,42.08,29.74,18.79,1.37,0.0,
UD_Welsh-CCG,arc-hybrid,xlm-roberta-base,not_finetuned,not_pretrained,38.57,23.33,14.07,1.49,0.0,
UD_Welsh-CCG,2-planar-brackets-greedy,google/canine-c,finetuned,pretrained,31.24,7.96,6.13,0.04,0.0,
UD_Welsh-CCG,2-planar-brackets-greedy,google/canine-c,not_finetuned,pretrained,36.11,12.47,9.76,0.1,0.0,
UD_Welsh-CCG,2-planar-brackets-greedy,google/canine-c,not_finetuned,not_pretrained,42.01,25.69,18.18,1.66,0.0,
UD_Welsh-CCG,rel-pos,google/canine-c,finetuned,pretrained,41.78,19.68,15.53,0.49,0.0,
UD_Welsh-CCG,rel-pos,google/canine-c,not_finetuned,pretrained,38.78,21.26,17.96,0.26,0.0,
UD_Welsh-CCG,rel-pos,google/canine-c,not_finetuned,not_pretrained,51.22,34.33,25.43,1.34,0.0,
UD_Welsh-CCG,arc-hybrid,google/canine-c,finetuned,pretrained,28.84,11.98,6.25,0.02,0.0,
UD_Welsh-CCG,arc-hybrid,google/canine-c,not_finetuned,pretrained,24.1,11.89,7.62,0.12,0.0,
UD_Welsh-CCG,arc-hybrid,google/canine-c,not_finetuned,not_pretrained,37.32,24.6,15.51,1.23,0.0,
UD_Vietnamese-VTB,2-planar-brackets-greedy,bert-base-multilingual-cased,finetuned,pretrained,66.66,58.51,56.13,47.18,0.0,
UD_Vietnamese-VTB,2-planar-brackets-greedy,bert-base-multilingual-cased,not_finetuned,pretrained,46.73,37.35,35.53,27.77,0.0,
UD_Vietnamese-VTB,2-planar-brackets-greedy,bert-base-multilingual-cased,not_finetuned,not_pretrained,25.92,14.73,12.82,9.86,0.0,
UD_Vietnamese-VTB,rel-pos,bert-base-multilingual-cased,finetuned,pretrained,66.68,59.67,59.41,49.88,0.0,
UD_Vietnamese-VTB,rel-pos,bert-base-multilingual-cased,not_finetuned,pretrained,56.36,46.04,43.58,34.91,0.0,
UD_Vietnamese-VTB,rel-pos,bert-base-multilingual-cased,not_finetuned,not_pretrained,38.24,27.59,21.47,16.37,0.0,
UD_Vietnamese-VTB,arc-hybrid,bert-base-multilingual-cased,finetuned,pretrained,62.24,53.38,53.36,45.04,0.0,
UD_Vietnamese-VTB,arc-hybrid,bert-base-multilingual-cased,not_finetuned,pretrained,47.6,37.84,35.16,27.85,0.0,
UD_Vietnamese-VTB,arc-hybrid,bert-base-multilingual-cased,not_finetuned,not_pretrained,29.05,19.56,14.47,10.51,0.0,
UD_Vietnamese-VTB,2-planar-brackets-greedy,xlm-roberta-base,finetuned,pretrained,68.42,60.76,58.3,49.18,0.0,
UD_Vietnamese-VTB,2-planar-brackets-greedy,xlm-roberta-base,not_finetuned,pretrained,32.88,24.55,24.79,19.47,0.0,
UD_Vietnamese-VTB,2-planar-brackets-greedy,xlm-roberta-base,not_finetuned,not_pretrained,25.98,14.71,12.59,9.37,0.0,
UD_Vietnamese-VTB,rel-pos,xlm-roberta-base,finetuned,pretrained,67.99,61.55,62.08,51.99,0.0,
UD_Vietnamese-VTB,rel-pos,xlm-roberta-base,not_finetuned,pretrained,50.37,39.34,37.31,28.69,0.0,
UD_Vietnamese-VTB,rel-pos,xlm-roberta-base,not_finetuned,not_pretrained,37.12,26.4,20.67,15.56,0.0,
UD_Vietnamese-VTB,arc-hybrid,xlm-roberta-base,finetuned,pretrained,62.63,55.0,55.71,46.68,0.0,
UD_Vietnamese-VTB,arc-hybrid,xlm-roberta-base,not_finetuned,pretrained,36.73,26.73,23.83,17.74,0.0,
UD_Vietnamese-VTB,arc-hybrid,xlm-roberta-base,not_finetuned,not_pretrained,28.62,18.38,13.66,9.86,0.0,
UD_Vietnamese-VTB,2-planar-brackets-greedy,google/canine-c,finetuned,pretrained,21.1,7.65,6.5,5.9,0.0,
UD_Vietnamese-VTB,2-planar-brackets-greedy,google/canine-c,not_finetuned,pretrained,26.22,9.99,8.91,7.48,0.0,
UD_Vietnamese-VTB,2-planar-brackets-greedy,google/canine-c,not_finetuned,not_pretrained,26.06,13.89,11.53,8.33,0.0,
UD_Vietnamese-VTB,rel-pos,google/canine-c,finetuned,pretrained,28.3,15.74,13.5,11.65,0.0,
UD_Vietnamese-VTB,rel-pos,google/canine-c,not_finetuned,pretrained,28.16,15.66,14.24,11.12,0.0,
UD_Vietnamese-VTB,rel-pos,google/canine-c,not_finetuned,not_pretrained,34.65,23.7,19.79,14.43,0.0,
UD_Vietnamese-VTB,arc-hybrid,google/canine-c,finetuned,pretrained,19.2,8.45,5.3,4.25,0.0,
UD_Vietnamese-VTB,arc-hybrid,google/canine-c,not_finetuned,pretrained,15.47,6.25,4.71,3.54,0.0,
UD_Vietnamese-VTB,arc-hybrid,google/canine-c,not_finetuned,not_pretrained,23.45,13.58,11.15,7.61,0.0,
UD_Basque-BDT,2-planar-brackets-greedy,bert-base-multilingual-cased,finetuned,pretrained,81.99,77.43,75.5,28.82,0.0,
UD_Basque-BDT,2-planar-brackets-greedy,bert-base-multilingual-cased,not_finetuned,pretrained,56.66,45.51,39.95,14.59,0.01,
UD_Basque-BDT,2-planar-brackets-greedy,bert-base-multilingual-cased,not_finetuned,not_pretrained,29.0,17.9,10.42,3.51,0.0,
UD_Basque-BDT,rel-pos,bert-base-multilingual-cased,finetuned,pretrained,31.12,29.51,30.2,7.03,0.0,
UD_Basque-BDT,rel-pos,bert-base-multilingual-cased,not_finetuned,pretrained,25.8,21.1,20.35,4.82,0.01,
UD_Basque-BDT,rel-pos,bert-base-multilingual-cased,not_finetuned,not_pretrained,15.28,9.28,6.69,1.67,0.0,
UD_Basque-BDT,arc-hybrid,bert-base-multilingual-cased,finetuned,pretrained,77.78,73.55,73.05,27.92,0.01,
UD_Basque-BDT,arc-hybrid,bert-base-multilingual-cased,not_finetuned,pretrained,49.47,41.91,37.13,13.78,0.0,
UD_Basque-BDT,arc-hybrid,bert-base-multilingual-cased,not_finetuned,not_pretrained,24.55,16.27,9.75,3.55,0.0,
UD_Basque-BDT,2-planar-brackets-greedy,xlm-roberta-base,finetuned,pretrained,83.29,79.31,77.87,29.72,0.01,
UD_Basque-BDT,2-planar-brackets-greedy,xlm-roberta-base,not_finetuned,pretrained,53.12,40.87,35.4,12.48,0.01,
UD_Basque-BDT,2-planar-brackets-greedy,xlm-roberta-base,not_finetuned,not_pretrained,28.44,17.22,10.24,3.53,0.0,
UD_Basque-BDT,rel-pos,xlm-roberta-base,finetuned,pretrained,31.71,30.33,31.02,7.32,0.0,
UD_Basque-BDT,rel-pos,xlm-roberta-base,not_finetuned,pretrained,25.89,19.7,18.6,4.65,0.0,
UD_Basque-BDT,rel-pos,xlm-roberta-base,not_finetuned,not_pretrained,14.95,9.16,6.75,1.58,0.0,
UD_Basque-BDT,arc-hybrid,xlm-roberta-base,finetuned,pretrained,77.59,73.78,74.13,28.14,0.01,
UD_Basque-BDT,arc-hybrid,xlm-roberta-base,not_finetuned,pretrained,45.86,37.55,32.21,11.71,0.01,
UD_Basque-BDT,arc-hybrid,xlm-roberta-base,not_finetuned,not_pretrained,23.75,15.57,9.59,3.39,0.0,
UD_Basque-BDT,2-planar-brackets-greedy,google/canine-c,finetuned,pretrained,49.79,32.89,23.92,8.17,0.0,
UD_Basque-BDT,2-planar-brackets-greedy,google/canine-c,not_finetuned,pretrained,28.18,14.76,8.18,2.69,0.0,
UD_Basque-BDT,2-planar-brackets-greedy,google/canine-c,not_finetuned,not_pretrained,31.13,18.76,10.51,3.61,0.0,
UD_Basque-BDT,rel-pos,google/canine-c,finetuned,pretrained,25.22,18.54,16.93,3.94,0.0,
UD_Basque-BDT,rel-pos,google/canine-c,not_finetuned,pretrained,14.02,7.45,5.4,1.2,0.0,
UD_Basque-BDT,rel-pos,google/canine-c,not_finetuned,not_pretrained,15.67,9.41,6.68,1.63,0.0,
UD_Basque-BDT,arc-hybrid,google/canine-c,finetuned,pretrained,46.94,35.0,28.07,9.76,0.0,
UD_Basque-BDT,arc-hybrid,google/canine-c,not_finetuned,pretrained,21.31,12.62,5.52,1.63,0.0,
UD_Basque-BDT,arc-hybrid,google/canine-c,not_finetuned,not_pretrained,24.91,16.22,8.06,2.8,0.0,
UD_Bulgarian-BTB,2-planar-brackets-greedy,bert-base-multilingual-cased,finetuned,pretrained,93.38,90.45,87.82,1.62,0.0,
UD_Bulgarian-BTB,2-planar-brackets-greedy,bert-base-multilingual-cased,not_finetuned,pretrained,71.58,63.43,58.16,0.83,0.0,
UD_Bulgarian-BTB,2-planar-brackets-greedy,bert-base-multilingual-cased,not_finetuned,not_pretrained,30.26,20.77,16.03,0.35,0.0,
UD_Bulgarian-BTB,rel-pos,bert-base-multilingual-cased,finetuned,pretrained,92.58,89.91,87.35,1.68,0.0,
UD_Bulgarian-BTB,rel-pos,bert-base-multilingual-cased,not_finetuned,pretrained,78.2,72.65,65.9,1.25,0.0,
UD_Bulgarian-BTB,rel-pos,bert-base-multilingual-cased,not_finetuned,not_pretrained,44.08,37.84,26.09,0.52,0.0,
UD_Bulgarian-BTB,arc-hybrid,bert-base-multilingual-cased,finetuned,pretrained,91.11,88.09,85.34,1.64,0.0,
UD_Bulgarian-BTB,arc-hybrid,bert-base-multilingual-cased,not_finetuned,pretrained,63.02,56.44,50.41,1.03,0.0,
UD_Bulgarian-BTB,arc-hybrid,bert-base-multilingual-cased,not_finetuned,not_pretrained,29.36,22.4,14.45,0.31,0.0,
UD_Bulgarian-BTB,2-planar-brackets-greedy,xlm-roberta-base,finetuned,pretrained,94.66,91.99,89.67,1.67,0.0,
UD_Bulgarian-BTB,2-planar-brackets-greedy,xlm-roberta-base,not_finetuned,pretrained,64.28,55.27,49.23,0.66,0.0,
UD_Bulgarian-BTB,2-planar-brackets-greedy,xlm-roberta-base,not_finetuned,not_pretrained,32.54,22.34,16.38,0.3,0.0,
UD_Bulgarian-BTB,rel-pos,xlm-roberta-base,finetuned,pretrained,93.63,91.31,89.38,1.69,0.0,
UD_Bulgarian-BTB,rel-pos,xlm-roberta-base,not_finetuned,pretrained,72.69,65.87,59.99,0.95,0.0,
UD_Bulgarian-BTB,rel-pos,xlm-roberta-base,not_finetuned,not_pretrained,43.63,37.54,26.08,0.56,0.0,
UD_Bulgarian-BTB,arc-hybrid,xlm-roberta-base,finetuned,pretrained,92.58,90.12,88.42,1.7,0.0,
UD_Bulgarian-BTB,arc-hybrid,xlm-roberta-base,not_finetuned,pretrained,54.69,47.94,43.55,0.73,0.0,
UD_Bulgarian-BTB,arc-hybrid,xlm-roberta-base,not_finetuned,not_pretrained,29.54,22.71,14.75,0.36,0.0,
UD_Bulgarian-BTB,2-planar-brackets-greedy,google/canine-c,finetuned,pretrained,66.36,54.13,49.37,0.41,0.0,
UD_Bulgarian-BTB,2-planar-brackets-greedy,google/canine-c,not_finetuned,pretrained,32.8,17.97,14.33,0.3,0.0,
UD_Bulgarian-BTB,2-planar-brackets-greedy,google/canine-c,not_finetuned,not_pretrained,35.46,23.93,18.54,0.29,0.0,
UD_Bulgarian-BTB,rel-pos,google/canine-c,finetuned,pretrained,71.13,62.22,56.48,0.68,0.0,
UD_Bulgarian-BTB,rel-pos,google/canine-c,not_finetuned,pretrained,40.37,29.49,23.48,0.37,0.0,
UD_Bulgarian-BTB,rel-pos,google/canine-c,not_finetuned,not_pretrained,44.86,35.89,26.85,0.53,0.0,
UD_Bulgarian-BTB,arc-hybrid,google/canine-c,finetuned,pretrained,56.57,48.82,44.19,0.69,0.0,
UD_Bulgarian-BTB,arc-hybrid,google/canine-c,not_finetuned,pretrained,26.7,16.17,11.01,0.26,0.0,
UD_Bulgarian-BTB,arc-hybrid,google/canine-c,not_finetuned,not_pretrained,29.57,21.35,14.34,0.39,0.0,
UD_Turkish-BOUN,2-planar-brackets-greedy,bert-base-multilingual-cased,finetuned,pretrained,76.44,68.81,65.96,10.46,0.0,
UD_Turkish-BOUN,2-planar-brackets-greedy,bert-base-multilingual-cased,not_finetuned,pretrained,57.66,42.89,37.31,6.2,0.0,
UD_Turkish-BOUN,2-planar-brackets-greedy,bert-base-multilingual-cased,not_finetuned,not_pretrained,35.97,20.02,11.8,2.43,0.0,
UD_Turkish-BOUN,rel-pos,bert-base-multilingual-cased,finetuned,pretrained,69.69,63.14,60.6,9.52,0.0,
UD_Turkish-BOUN,rel-pos,bert-base-multilingual-cased,not_finetuned,pretrained,52.46,43.53,37.74,6.76,0.0,
UD_Turkish-BOUN,rel-pos,bert-base-multilingual-cased,not_finetuned,not_pretrained,29.29,21.36,11.95,2.64,0.0,
UD_Turkish-BOUN,arc-hybrid,bert-base-multilingual-cased,finetuned,pretrained,75.26,67.94,65.14,10.55,0.0,
UD_Turkish-BOUN,arc-hybrid,bert-base-multilingual-cased,not_finetuned,pretrained,50.95,41.45,33.42,6.72,0.0,
UD_Turkish-BOUN,arc-hybrid,bert-base-multilingual-cased,not_finetuned,not_pretrained,26.72,19.15,7.74,2.91,0.0,
UD_Turkish-BOUN,2-planar-brackets-greedy,xlm-roberta-base,finetuned,pretrained,79.7,72.91,70.86,11.28,0.0,
UD_Turkish-BOUN,2-planar-brackets-greedy,xlm-roberta-base,not_finetuned,pretrained,55.25,41.31,36.59,5.79,0.0,
UD_Turkish-BOUN,2-planar-brackets-greedy,xlm-roberta-base,not_finetuned,not_pretrained,35.27,19.36,11.73,2.76,0.0,
UD_Turkish-BOUN,rel-pos,xlm-roberta-base,finetuned,pretrained,71.5,65.93,64.11,10.05,0.0,
UD_Turkish-BOUN,rel-pos,xlm-roberta-base,not_finetuned,pretrained,50.51,42.54,37.73,6.98,0.0,
UD_Turkish-BOUN,rel-pos,xlm-roberta-base,not_finetuned,not_pretrained,28.85,20.17,11.56,2.81,0.0,
UD_Turkish-BOUN,arc-hybrid,xlm-roberta-base,finetuned,pretrained,77.98,71.77,69.56,11.21,0.0,
UD_Turkish-BOUN,arc-hybrid,xlm-roberta-base,not_finetuned,pretrained,48.83,40.24,32.53,6.73,0.0,
UD_Turkish-BOUN,arc-hybrid,xlm-roberta-base,not_finetuned,not_pretrained,25.67,18.74,7.38,3.19,0.0,
UD_Turkish-BOUN,2-planar-brackets-greedy,google/canine-c,finetuned,pretrained,56.69,37.08,29.93,3.25,0.0,
UD_Turkish-BOUN,2-planar-brackets-greedy,google/canine-c,not_finetuned,pretrained,38.97,18.51,10.83,0.84,0.0,
UD_Turkish-BOUN,2-planar-brackets-greedy,google/canine-c,not_finetuned,not_pretrained,34.78,18.88,10.49,1.99,0.0,
UD_Turkish-BOUN,rel-pos,google/canine-c,finetuned,pretrained,50.11,37.31,32.29,3.45,0.0,
UD_Turkish-BOUN,rel-pos,google/canine-c,not_finetuned,pretrained,32.23,19.1,12.19,0.73,0.0,
UD_Turkish-BOUN,rel-pos,google/canine-c,not_finetuned,not_pretrained,29.43,19.45,11.16,1.69,0.0,
UD_Turkish-BOUN,arc-hybrid,google/canine-c,finetuned,pretrained,53.94,39.99,32.58,3.32,0.0,
UD_Turkish-BOUN,arc-hybrid,google/canine-c,not_finetuned,pretrained,22.99,14.08,5.86,0.25,0.0,
UD_Turkish-BOUN,arc-hybrid,google/canine-c,not_finetuned,not_pretrained,24.57,16.42,6.58,1.47,0.0,
UD_Ancient_Greek-Perseus,2-planar-brackets-greedy,bert-base-multilingual-cased,finetuned,pretrained,60.32,51.69,44.11,9.48,0.0,
UD_Ancient_Greek-Perseus,2-planar-brackets-greedy,bert-base-multilingual-cased,not_finetuned,pretrained,34.03,23.72,15.98,3.88,0.0,
UD_Ancient_Greek-Perseus,2-planar-brackets-greedy,bert-base-multilingual-cased,not_finetuned,not_pretrained,11.91,6.61,4.89,1.68,0.0,
UD_Ancient_Greek-Perseus,rel-pos,bert-base-multilingual-cased,finetuned,pretrained,61.59,53.95,47.51,9.22,0.0,
UD_Ancient_Greek-Perseus,rel-pos,bert-base-multilingual-cased,not_finetuned,pretrained,40.48,30.95,20.97,4.87,0.0,
UD_Ancient_Greek-Perseus,rel-pos,bert-base-multilingual-cased,not_finetuned,not_pretrained,29.31,19.83,10.14,4.32,0.0,
UD_Ancient_Greek-Perseus,arc-hybrid,bert-base-multilingual-cased,finetuned,pretrained,57.21,49.35,42.33,9.16,0.0,
UD_Ancient_Greek-Perseus,arc-hybrid,bert-base-multilingual-cased,not_finetuned,pretrained,32.14,24.29,14.13,3.49,0.0,
UD_Ancient_Greek-Perseus,arc-hybrid,bert-base-multilingual-cased,not_finetuned,not_pretrained,20.28,14.53,4.76,1.6,0.0,
UD_Ancient_Greek-Perseus,2-planar-brackets-greedy,xlm-roberta-base,finetuned,pretrained,74.34,67.69,61.53,12.65,0.0,
UD_Ancient_Greek-Perseus,2-planar-brackets-greedy,xlm-roberta-base,not_finetuned,pretrained,33.16,23.69,17.21,4.66,0.0,
UD_Ancient_Greek-Perseus,2-planar-brackets-greedy,xlm-roberta-base,not_finetuned,not_pretrained,11.04,5.43,5.04,1.99,0.0,
UD_Ancient_Greek-Perseus,rel-pos,xlm-roberta-base,finetuned,pretrained,74.65,69.16,64.02,12.36,0.0,
UD_Ancient_Greek-Perseus,rel-pos,xlm-roberta-base,not_finetuned,pretrained,41.84,32.39,24.3,5.18,0.0,
UD_Ancient_Greek-Perseus,rel-pos,xlm-roberta-base,not_finetuned,not_pretrained,27.92,17.79,9.84,4.26,0.0,
UD_Ancient_Greek-Perseus,arc-hybrid,xlm-roberta-base,finetuned,pretrained,69.42,63.99,58.81,12.6,0.0,
UD_Ancient_Greek-Perseus,arc-hybrid,xlm-roberta-base,not_finetuned,pretrained,35.25,27.29,17.35,3.88,0.0,
UD_Ancient_Greek-Perseus,arc-hybrid,xlm-roberta-base,not_finetuned,not_pretrained,20.07,12.85,4.48,1.66,0.0,
UD_Ancient_Greek-Perseus,2-planar-brackets-greedy,google/canine-c,finetuned,pretrained,49.57,37.05,28.64,7.24,0.0,
UD_Ancient_Greek-Perseus,2-planar-brackets-greedy,google/canine-c,not_finetuned,pretrained,19.13,11.26,6.48,1.59,0.0,
UD_Ancient_Greek-Perseus,2-planar-brackets-greedy,google/canine-c,not_finetuned,not_pretrained,21.36,13.36,7.64,2.29,0.0,
UD_Ancient_Greek-Perseus,rel-pos,google/canine-c,finetuned,pretrained,53.22,44.53,38.04,7.8,0.0,
UD_Ancient_Greek-Perseus,rel-pos,google/canine-c,not_finetuned,pretrained,29.08,19.61,11.82,4.08,0.0,
UD_Ancient_Greek-Perseus,rel-pos,google/canine-c,not_finetuned,not_pretrained,30.66,21.38,12.22,4.14,0.0,
UD_Ancient_Greek-Perseus,arc-hybrid,google/canine-c,finetuned,pretrained,47.67,38.74,31.83,7.67,0.0,
UD_Ancient_Greek-Perseus,arc-hybrid,google/canine-c,not_finetuned,pretrained,20.42,13.98,5.4,1.79,0.0,
UD_Ancient_Greek-Perseus,arc-hybrid,google/canine-c,not_finetuned,not_pretrained,22.0,15.43,5.97,2.04,0.0,
UD_Ligurian-GLT,2-planar-brackets-greedy,google/canine-s,finetuned,pretrained,2.11,0.77,1.69,0.15,0.0,
UD_Ligurian-GLT,2-planar-brackets-greedy,google/canine-s,not_finetuned,pretrained,15.16,5.66,3.1,0.19,0.0,
UD_Ligurian-GLT,2-planar-brackets-greedy,google/canine-s,not_finetuned,not_pretrained,9.93,4.75,5.23,0.55,0.0,
UD_Ligurian-GLT,rel-pos,google/canine-s,finetuned,pretrained,27.64,15.5,3.79,0.0,0.0,
UD_Ligurian-GLT,rel-pos,google/canine-s,not_finetuned,pretrained,34.55,18.09,15.02,4.52,0.0,
UD_Ligurian-GLT,rel-pos,google/canine-s,not_finetuned,not_pretrained,27.98,17.9,6.07,2.07,0.0,
UD_Ligurian-GLT,arc-hybrid,google/canine-s,finetuned,pretrained,11.52,5.47,1.9,0.0,0.0,
UD_Ligurian-GLT,arc-hybrid,google/canine-s,not_finetuned,pretrained,21.16,11.71,4.81,1.78,0.0,
UD_Ligurian-GLT,arc-hybrid,google/canine-s,not_finetuned,not_pretrained,19.58,10.8,4.46,0.54,0.0,
UD_Bhojpuri-BHTB,2-planar-brackets-greedy,google/canine-s,finetuned,pretrained,15.71,14.22,0.87,0.08,0.0,
UD_Bhojpuri-BHTB,2-planar-brackets-greedy,google/canine-s,not_finetuned,pretrained,14.91,11.34,0.44,0.09,0.0,
UD_Bhojpuri-BHTB,2-planar-brackets-greedy,google/canine-s,not_finetuned,not_pretrained,16.19,13.37,1.33,0.16,0.0,
UD_Bhojpuri-BHTB,rel-pos,google/canine-s,finetuned,pretrained,35.14,23.54,15.26,2.12,0.0,
UD_Bhojpuri-BHTB,rel-pos,google/canine-s,not_finetuned,pretrained,26.52,18.37,9.09,0.85,0.0,
UD_Bhojpuri-BHTB,rel-pos,google/canine-s,not_finetuned,not_pretrained,33.28,22.79,13.12,1.25,0.0,
UD_Bhojpuri-BHTB,arc-hybrid,google/canine-s,finetuned,pretrained,25.13,16.77,5.64,0.39,0.0,
UD_Bhojpuri-BHTB,arc-hybrid,google/canine-s,not_finetuned,pretrained,15.02,10.28,2.88,0.23,0.0,
UD_Bhojpuri-BHTB,arc-hybrid,google/canine-s,not_finetuned,not_pretrained,23.48,17.68,6.02,0.39,0.0,
UD_Kiche-IU,2-planar-brackets-greedy,google/canine-s,finetuned,pretrained,65.61,51.05,44.01,14.22,0.0,
UD_Kiche-IU,2-planar-brackets-greedy,google/canine-s,not_finetuned,pretrained,59.55,43.1,36.86,10.3,0.0,
UD_Kiche-IU,2-planar-brackets-greedy,google/canine-s,not_finetuned,not_pretrained,62.24,47.81,40.91,13.23,0.0,
UD_Kiche-IU,rel-pos,google/canine-s,finetuned,pretrained,69.8,60.11,53.09,18.66,0.0,
UD_Kiche-IU,rel-pos,google/canine-s,not_finetuned,pretrained,56.84,46.37,39.44,12.69,0.0,
UD_Kiche-IU,rel-pos,google/canine-s,not_finetuned,not_pretrained,62.47,50.65,42.02,14.64,0.0,
UD_Kiche-IU,arc-hybrid,google/canine-s,finetuned,pretrained,62.89,52.0,44.1,16.66,0.0,
UD_Kiche-IU,arc-hybrid,google/canine-s,not_finetuned,pretrained,51.47,40.67,33.17,11.41,0.0,
UD_Kiche-IU,arc-hybrid,google/canine-s,not_finetuned,not_pretrained,55.4,43.29,35.63,13.19,0.0,
UD_Guajajara-TuDeT,2-planar-brackets-greedy,google/canine-s,finetuned,pretrained,48.07,29.92,23.2,5.67,0.0,
UD_Guajajara-TuDeT,2-planar-brackets-greedy,google/canine-s,not_finetuned,pretrained,53.45,29.75,24.51,6.41,0.0,
UD_Guajajara-TuDeT,2-planar-brackets-greedy,google/canine-s,not_finetuned,not_pretrained,50.42,29.41,25.54,7.8,0.0,
UD_Guajajara-TuDeT,rel-pos,google/canine-s,finetuned,pretrained,54.29,31.43,24.31,5.01,0.0,
UD_Guajajara-TuDeT,rel-pos,google/canine-s,not_finetuned,pretrained,57.14,32.1,24.94,5.24,0.0,
UD_Guajajara-TuDeT,rel-pos,google/canine-s,not_finetuned,not_pretrained,54.45,35.8,29.26,8.58,0.0,
UD_Guajajara-TuDeT,arc-hybrid,google/canine-s,finetuned,pretrained,39.5,21.18,20.16,3.94,0.0,
UD_Guajajara-TuDeT,arc-hybrid,google/canine-s,not_finetuned,pretrained,41.18,21.51,21.04,5.44,0.0,
UD_Guajajara-TuDeT,arc-hybrid,google/canine-s,not_finetuned,not_pretrained,37.31,22.02,21.67,6.19,0.0,
UD_Skolt_Sami-Giellagas,2-planar-brackets-greedy,google/canine-s,finetuned,pretrained,16.06,6.34,4.72,0.0,0.0,
UD_Skolt_Sami-Giellagas,2-planar-brackets-greedy,google/canine-s,not_finetuned,pretrained,21.19,10.26,10.34,0.94,0.0,
UD_Skolt_Sami-Giellagas,2-planar-brackets-greedy,google/canine-s,not_finetuned,not_pretrained,20.24,10.53,11.44,1.12,0.0,
UD_Skolt_Sami-Giellagas,rel-pos,google/canine-s,finetuned,pretrained,30.63,15.38,10.23,0.0,0.0,
UD_Skolt_Sami-Giellagas,rel-pos,google/canine-s,not_finetuned,pretrained,35.63,17.95,13.5,2.52,0.0,
UD_Skolt_Sami-Giellagas,rel-pos,google/canine-s,not_finetuned,not_pretrained,37.52,20.51,15.17,2.84,0.0,
UD_Skolt_Sami-Giellagas,arc-hybrid,google/canine-s,finetuned,pretrained,8.1,3.91,3.22,0.0,0.0,
UD_Skolt_Sami-Giellagas,arc-hybrid,google/canine-s,not_finetuned,pretrained,17.95,7.96,7.65,0.26,0.0,
UD_Skolt_Sami-Giellagas,arc-hybrid,google/canine-s,not_finetuned,not_pretrained,17.54,9.31,9.69,0.99,0.0,
UD_Armenian-ArmTDP,2-planar-brackets-greedy,google/canine-s,finetuned,pretrained,50.25,31.9,21.27,3.26,0.0,
UD_Armenian-ArmTDP,2-planar-brackets-greedy,google/canine-s,not_finetuned,pretrained,35.73,19.88,12.0,2.13,0.0,
UD_Armenian-ArmTDP,2-planar-brackets-greedy,google/canine-s,not_finetuned,not_pretrained,27.12,14.81,7.93,1.6,0.0,
UD_Armenian-ArmTDP,rel-pos,google/canine-s,finetuned,pretrained,54.63,40.42,30.45,4.04,0.0,
UD_Armenian-ArmTDP,rel-pos,google/canine-s,not_finetuned,pretrained,40.5,29.02,18.12,3.37,0.0,
UD_Armenian-ArmTDP,rel-pos,google/canine-s,not_finetuned,not_pretrained,36.31,25.65,14.13,2.18,0.0,
UD_Armenian-ArmTDP,arc-hybrid,google/canine-s,finetuned,pretrained,40.15,27.58,19.5,2.8,0.0,
UD_Armenian-ArmTDP,arc-hybrid,google/canine-s,not_finetuned,pretrained,24.02,15.2,10.3,1.77,0.0,
UD_Armenian-ArmTDP,arc-hybrid,google/canine-s,not_finetuned,not_pretrained,21.18,13.82,7.13,0.85,0.0,
UD_Welsh-CCG,2-planar-brackets-greedy,google/canine-s,finetuned,pretrained,48.44,31.46,21.66,1.57,0.0,
UD_Welsh-CCG,2-planar-brackets-greedy,google/canine-s,not_finetuned,pretrained,39.02,20.53,16.46,1.41,0.0,
UD_Welsh-CCG,2-planar-brackets-greedy,google/canine-s,not_finetuned,not_pretrained,42.38,25.77,18.29,1.67,0.0,
UD_Welsh-CCG,rel-pos,google/canine-s,finetuned,pretrained,56.44,40.37,31.46,2.07,0.0,
UD_Welsh-CCG,rel-pos,google/canine-s,not_finetuned,pretrained,46.66,28.72,24.22,1.41,0.0,
UD_Welsh-CCG,rel-pos,google/canine-s,not_finetuned,not_pretrained,52.1,34.58,26.21,1.38,0.0,
UD_Welsh-CCG,arc-hybrid,google/canine-s,finetuned,pretrained,44.0,30.36,19.74,1.56,0.0,
UD_Welsh-CCG,arc-hybrid,google/canine-s,not_finetuned,pretrained,32.28,19.78,12.63,0.71,0.0,
UD_Welsh-CCG,arc-hybrid,google/canine-s,not_finetuned,not_pretrained,36.92,24.32,15.43,1.17,0.0,
UD_Vietnamese-VTB,2-planar-brackets-greedy,google/canine-s,finetuned,pretrained,37.62,24.42,20.5,15.62,0.0,
UD_Vietnamese-VTB,2-planar-brackets-greedy,google/canine-s,not_finetuned,pretrained,30.02,15.29,12.46,8.88,0.0,
UD_Vietnamese-VTB,2-planar-brackets-greedy,google/canine-s,not_finetuned,not_pretrained,26.25,14.11,11.83,8.58,0.0,
UD_Vietnamese-VTB,rel-pos,google/canine-s,finetuned,pretrained,46.94,35.57,31.59,23.36,0.0,
UD_Vietnamese-VTB,rel-pos,google/canine-s,not_finetuned,pretrained,34.32,22.5,19.98,14.08,0.0,
UD_Vietnamese-VTB,rel-pos,google/canine-s,not_finetuned,not_pretrained,34.8,23.83,19.74,14.28,0.0,
UD_Vietnamese-VTB,arc-hybrid,google/canine-s,finetuned,pretrained,38.61,25.6,22.54,16.84,0.0,
UD_Vietnamese-VTB,arc-hybrid,google/canine-s,not_finetuned,pretrained,23.5,13.25,10.7,7.83,0.0,
UD_Vietnamese-VTB,arc-hybrid,google/canine-s,not_finetuned,not_pretrained,23.05,13.43,11.07,7.57,0.0,
UD_Basque-BDT,2-planar-brackets-greedy,google/canine-s,finetuned,pretrained,59.92,46.88,39.63,13.9,0.0,
UD_Basque-BDT,2-planar-brackets-greedy,google/canine-s,not_finetuned,pretrained,35.85,22.39,13.91,4.84,0.0,
UD_Basque-BDT,2-planar-brackets-greedy,google/canine-s,not_finetuned,not_pretrained,31.14,18.77,10.51,3.61,0.0,
UD_Basque-BDT,rel-pos,google/canine-s,finetuned,pretrained,27.47,23.19,22.58,5.13,0.0,
UD_Basque-BDT,rel-pos,google/canine-s,not_finetuned,pretrained,17.68,11.11,8.82,2.1,0.0,
UD_Basque-BDT,rel-pos,google/canine-s,not_finetuned,not_pretrained,15.29,9.12,6.43,1.55,0.0,
UD_Basque-BDT,arc-hybrid,google/canine-s,finetuned,pretrained,55.43,46.62,41.65,15.45,0.0,
UD_Basque-BDT,arc-hybrid,google/canine-s,not_finetuned,pretrained,28.92,19.5,11.88,3.99,0.0,
UD_Basque-BDT,arc-hybrid,google/canine-s,not_finetuned,not_pretrained,24.72,16.15,8.06,2.83,0.0,
UD_Bulgarian-BTB,2-planar-brackets-greedy,google/canine-s,finetuned,pretrained,76.13,66.99,61.89,1.05,0.0,
UD_Bulgarian-BTB,2-planar-brackets-greedy,google/canine-s,not_finetuned,pretrained,42.09,29.38,24.98,0.53,0.0,
UD_Bulgarian-BTB,2-planar-brackets-greedy,google/canine-s,not_finetuned,not_pretrained,35.39,23.77,18.43,0.28,0.0,
UD_Bulgarian-BTB,rel-pos,google/canine-s,finetuned,pretrained,80.51,74.52,69.69,1.18,0.0,
UD_Bulgarian-BTB,rel-pos,google/canine-s,not_finetuned,pretrained,50.38,41.08,33.97,0.73,0.0,
UD_Bulgarian-BTB,rel-pos,google/canine-s,not_finetuned,not_pretrained,44.88,35.93,26.85,0.53,0.0,
UD_Bulgarian-BTB,arc-hybrid,google/canine-s,finetuned,pretrained,69.84,63.65,58.23,1.12,0.0,
UD_Bulgarian-BTB,arc-hybrid,google/canine-s,not_finetuned,pretrained,33.64,25.45,19.82,0.57,0.0,
UD_Bulgarian-BTB,arc-hybrid,google/canine-s,not_finetuned,not_pretrained,29.56,21.25,14.27,0.39,0.0,
UD_Turkish-BOUN,2-planar-brackets-greedy,google/canine-s,finetuned,pretrained,62.59,48.7,43.44,6.35,0.0,
UD_Turkish-BOUN,2-planar-brackets-greedy,google/canine-s,not_finetuned,pretrained,41.55,23.7,15.55,2.88,0.0,
UD_Turkish-BOUN,2-planar-brackets-greedy,google/canine-s,not_finetuned,not_pretrained,34.75,18.82,10.37,1.92,0.0,
UD_Turkish-BOUN,rel-pos,google/canine-s,finetuned,pretrained,57.65,48.09,43.99,6.52,0.0,
UD_Turkish-BOUN,rel-pos,google/canine-s,not_finetuned,pretrained,36.7,25.1,17.47,2.71,0.0,
UD_Turkish-BOUN,rel-pos,google/canine-s,not_finetuned,not_pretrained,29.35,19.41,11.2,1.68,0.0,
UD_Turkish-BOUN,arc-hybrid,google/canine-s,finetuned,pretrained,60.17,49.52,43.92,6.82,0.0,
UD_Turkish-BOUN,arc-hybrid,google/canine-s,not_finetuned,pretrained,32.56,21.51,12.13,2.48,0.0,
UD_Turkish-BOUN,arc-hybrid,google/canine-s,not_finetuned,not_pretrained,24.69,16.46,6.62,1.48,0.0,
UD_Ancient_Greek-Perseus,2-planar-brackets-greedy,google/canine-s,finetuned,pretrained,56.05,45.76,37.79,8.79,0.0,
UD_Ancient_Greek-Perseus,2-planar-brackets-greedy,google/canine-s,not_finetuned,pretrained,28.26,18.39,10.44,2.26,0.0,
UD_Ancient_Greek-Perseus,2-planar-brackets-greedy,google/canine-s,not_finetuned,not_pretrained,21.56,13.56,7.68,2.24,0.0,
UD_Ancient_Greek-Perseus,rel-pos,google/canine-s,finetuned,pretrained,59.92,52.49,46.55,9.75,0.0,
UD_Ancient_Greek-Perseus,rel-pos,google/canine-s,not_finetuned,pretrained,35.32,25.9,17.38,4.08,0.0,
UD_Ancient_Greek-Perseus,rel-pos,google/canine-s,not_finetuned,not_pretrained,30.65,21.1,12.14,4.38,0.0,
UD_Ancient_Greek-Perseus,arc-hybrid,google/canine-s,finetuned,pretrained,55.46,47.7,41.05,9.4,0.0,
UD_Ancient_Greek-Perseus,arc-hybrid,google/canine-s,not_finetuned,pretrained,28.27,20.31,10.75,2.52,0.0,
UD_Ancient_Greek-Perseus,arc-hybrid,google/canine-s,not_finetuned,not_pretrained,22.0,15.43,5.96,2.04,0.0,
UD_Chinese-GSDSimp,rel-pos,google/canine-s,not_finetuned,not_pretrained,31.71,24.83,20.0,10.48,0.0,
UD_Chinese-GSDSimp,rel-pos,google/canine-s,not_finetuned,pretrained,41.67,34.98,30.96,17.76,0.0,
UD_Chinese-GSDSimp,rel-pos,google/canine-s,finetuned,pretrained,58.46,53.39,52.06,34.94,0.0,
UD_Chinese-GSDSimp,2-planar-brackets-greedy,google/canine-s,not_finetuned,not_pretrained,22.16,13.61,9.67,3.74,0.0,
UD_Chinese-GSDSimp,2-planar-brackets-greedy,google/canine-s,not_finetuned,pretrained,38.24,24.92,21.89,12.5,0.0,
UD_Chinese-GSDSimp,2-planar-brackets-greedy,google/canine-s,finetuned,pretrained,60.43,50.44,47.57,33.44,0.0,
UD_Chinese-GSDSimp,arc-hybrid,google/canine-s,not_finetuned,not_pretrained,20.94,14.99,10.64,3.66,0.0,
UD_Chinese-GSDSimp,arc-hybrid,google/canine-s,not_finetuned,pretrained,30.39,23.54,20.51,10.62,0.0,
UD_Chinese-GSDSimp,arc-hybrid,google/canine-s,finetuned,pretrained,58.19,51.02,49.57,34.49,0.0,
UD_Chinese-GSDSimp,rel-pos,google/canine-c,not_finetuned,not_pretrained,31.11,24.74,20.0,10.13,0.0,
UD_Chinese-GSDSimp,rel-pos,google/canine-c,not_finetuned,pretrained,33.55,25.67,23.19,13.07,0.0,
UD_Chinese-GSDSimp,rel-pos,google/canine-c,finetuned,pretrained,42.74,35.53,33.52,19.34,0.0,
UD_Chinese-GSDSimp,2-planar-brackets-greedy,google/canine-c,not_finetuned,not_pretrained,22.16,13.61,9.67,3.74,0.0,
UD_Chinese-GSDSimp,2-planar-brackets-greedy,google/canine-c,not_finetuned,pretrained,26.57,14.55,12.59,5.98,0.0,
UD_Chinese-GSDSimp,2-planar-brackets-greedy,google/canine-c,finetuned,pretrained,30.69,19.97,18.78,10.15,0.0,
UD_Chinese-GSDSimp,arc-hybrid,google/canine-c,not_finetuned,not_pretrained,20.94,14.99,10.64,3.66,0.0,
UD_Chinese-GSDSimp,arc-hybrid,google/canine-c,not_finetuned,pretrained,21.41,14.71,12.88,5.12,0.0,
UD_Chinese-GSDSimp,arc-hybrid,google/canine-c,finetuned,pretrained,37.86,28.65,27.2,14.64,0.0,
UD_Chinese-GSDSimp,rel-pos,bert-base-multilingual-cased,not_finetuned,not_pretrained,31.72,25.42,19.29,10.06,0.0,
UD_Chinese-GSDSimp,rel-pos,bert-base-multilingual-cased,not_finetuned,pretrained,53.74,48.81,45.54,30.22,0.0,
UD_Chinese-GSDSimp,rel-pos,bert-base-multilingual-cased,finetuned,pretrained,74.36,71.56,71.13,53.02,0.0,
UD_Chinese-GSDSimp,2-planar-brackets-greedy,bert-base-multilingual-cased,not_finetuned,not_pretrained,18.41,10.95,6.81,2.6,0.0,
UD_Chinese-GSDSimp,2-planar-brackets-greedy,bert-base-multilingual-cased,not_finetuned,pretrained,51.71,42.11,39.9,26.68,0.0,
UD_Chinese-GSDSimp,2-planar-brackets-greedy,bert-base-multilingual-cased,finetuned,pretrained,81.2,76.22,74.66,57.68,0.0,
UD_Chinese-GSDSimp,arc-hybrid,bert-base-multilingual-cased,not_finetuned,not_pretrained,21.34,14.23,8.93,3.05,0.0,
UD_Chinese-GSDSimp,arc-hybrid,bert-base-multilingual-cased,not_finetuned,pretrained,45.1,39.14,35.98,22.97,0.0,
UD_Chinese-GSDSimp,arc-hybrid,bert-base-multilingual-cased,finetuned,pretrained,78.19,74.33,73.71,57.44,0.0,
UD_Chinese-GSDSimp,rel-pos,xlm-roberta-base,not_finetuned,not_pretrained,19.98,12.32,13.25,5.87,0.0,
UD_Chinese-GSDSimp,rel-pos,xlm-roberta-base,not_finetuned,pretrained,38.42,32.42,28.76,16.58,0.0,
UD_Chinese-GSDSimp,rel-pos,xlm-roberta-base,finetuned,pretrained,74.63,71.83,72.35,54.0,0.0,
UD_Chinese-GSDSimp,2-planar-brackets-greedy,xlm-roberta-base,not_finetuned,not_pretrained,3.57,1.85,1.34,0.31,0.0,
UD_Chinese-GSDSimp,2-planar-brackets-greedy,xlm-roberta-base,not_finetuned,pretrained,27.79,17.66,14.63,7.23,0.0,
UD_Chinese-GSDSimp,2-planar-brackets-greedy,xlm-roberta-base,finetuned,pretrained,80.49,75.91,74.93,57.69,0.0,
UD_Chinese-GSDSimp,arc-hybrid,xlm-roberta-base,not_finetuned,not_pretrained,10.5,5.68,6.07,0.27,0.0,
UD_Chinese-GSDSimp,arc-hybrid,xlm-roberta-base,not_finetuned,pretrained,23.48,19.06,14.53,5.9,0.0,
UD_Chinese-GSDSimp,arc-hybrid,xlm-roberta-base,finetuned,pretrained,79.52,75.82,76.24,59.84,0.0,
UD_Ligurian-GLT,relative,xlm-roberta-base,not_finetuned,not_pretrained,27.5,16.7,5.36,0.89,0.0,
UD_Ligurian-GLT,relative,xlm-roberta-base,not_finetuned,pretrained,14.64,6.62,5.78,1.36,0.0,
UD_Ligurian-GLT,relative,xlm-roberta-base,finetuned,pretrained,28.5,11.47,0.0,0.0,0.0,
UD_Bhojpuri-BHTB,relative,xlm-roberta-base,not_finetuned,not_pretrained,32.27,24.6,14.6,1.6,0.0,
UD_Bhojpuri-BHTB,relative,xlm-roberta-base,not_finetuned,pretrained,35.46,26.78,17.47,1.84,0.0,
UD_Bhojpuri-BHTB,relative,xlm-roberta-base,finetuned,pretrained,37.06,27.42,17.1,1.98,0.0,
UD_Kiche-IU,relative,xlm-roberta-base,not_finetuned,not_pretrained,49.18,39.5,34.04,12.88,0.0,
UD_Kiche-IU,relative,xlm-roberta-base,not_finetuned,pretrained,45.16,33.08,29.01,10.12,0.0,
UD_Kiche-IU,relative,xlm-roberta-base,finetuned,pretrained,62.4,50.29,43.38,17.62,0.0,
UD_Guajajara-TuDeT,relative,xlm-roberta-base,not_finetuned,not_pretrained,46.89,31.09,27.16,4.78,0.0,
UD_Guajajara-TuDeT,relative,xlm-roberta-base,not_finetuned,pretrained,40.67,12.94,1.85,0.0,0.0,
UD_Guajajara-TuDeT,relative,xlm-roberta-base,finetuned,pretrained,46.55,19.83,17.13,0.0,0.0,
UD_Skolt_Sami-Giellagas,relative,xlm-roberta-base,not_finetuned,not_pretrained,21.46,10.53,7.88,0.64,0.0,
UD_Skolt_Sami-Giellagas,relative,xlm-roberta-base,not_finetuned,pretrained,25.37,8.5,7.38,0.0,0.0,
UD_Skolt_Sami-Giellagas,relative,xlm-roberta-base,finetuned,pretrained,25.78,9.58,9.39,0.0,0.0,
UD_Armenian-ArmTDP,relative,xlm-roberta-base,not_finetuned,not_pretrained,31.46,18.06,12.83,2.99,0.0,
UD_Armenian-ArmTDP,relative,xlm-roberta-base,not_finetuned,pretrained,41.54,30.87,23.72,5.86,0.0,
UD_Armenian-ArmTDP,relative,xlm-roberta-base,finetuned,pretrained,59.5,54.12,49.59,8.23,0.0,
UD_Welsh-CCG,relative,xlm-roberta-base,not_finetuned,not_pretrained,34.62,21.64,17.16,2.08,0.0,
UD_Welsh-CCG,relative,xlm-roberta-base,not_finetuned,pretrained,47.17,30.1,24.56,2.06,0.0,
UD_Welsh-CCG,relative,xlm-roberta-base,finetuned,pretrained,64.7,55.37,49.01,4.96,0.0,
UD_Vietnamese-VTB,relative,xlm-roberta-base,not_finetuned,not_pretrained,26.83,14.64,14.39,11.61,0.0,
UD_Vietnamese-VTB,relative,xlm-roberta-base,not_finetuned,pretrained,26.21,19.25,21.81,19.81,0.0,
UD_Vietnamese-VTB,relative,xlm-roberta-base,finetuned,pretrained,54.77,48.73,51.24,41.86,0.0,
UD_Basque-BDT,relative,xlm-roberta-base,not_finetuned,not_pretrained,27.23,18.66,11.66,4.14,0.0,
UD_Basque-BDT,relative,xlm-roberta-base,not_finetuned,pretrained,40.63,32.8,27.81,10.08,0.0,
UD_Basque-BDT,relative,xlm-roberta-base,finetuned,pretrained,73.89,70.49,70.15,26.71,0.0,
UD_Bulgarian-BTB,relative,xlm-roberta-base,not_finetuned,not_pretrained,32.79,26.16,17.81,0.43,0.0,
UD_Bulgarian-BTB,relative,xlm-roberta-base,not_finetuned,pretrained,51.87,46.05,43.36,0.67,0.0,
UD_Bulgarian-BTB,relative,xlm-roberta-base,finetuned,pretrained,89.11,86.68,83.93,1.58,0.0,
UD_Turkish-BOUN,relative,xlm-roberta-base,not_finetuned,not_pretrained,40.43,23.91,14.38,3.8,0.0,
UD_Turkish-BOUN,relative,xlm-roberta-base,not_finetuned,pretrained,47.33,38.13,31.54,6.61,0.0,
UD_Turkish-BOUN,relative,xlm-roberta-base,finetuned,pretrained,73.64,68.09,65.69,10.6,0.0,
UD_Ancient_Greek-Perseus,relative,xlm-roberta-base,not_finetuned,not_pretrained,24.98,14.29,6.85,2.06,0.0,
UD_Ancient_Greek-Perseus,relative,xlm-roberta-base,not_finetuned,pretrained,32.77,25.61,17.04,3.39,0.0,
UD_Ancient_Greek-Perseus,relative,xlm-roberta-base,finetuned,pretrained,70.61,65.01,58.76,11.61,0.0,
UD_Chinese-GSDSimp,relative,xlm-roberta-base,not_finetuned,not_pretrained,28.39,11.53,12.21,6.2,0.0,
UD_Chinese-GSDSimp,relative,xlm-roberta-base,not_finetuned,pretrained,34.99,25.09,21.63,12.96,0.0,
UD_Chinese-GSDSimp,relative,xlm-roberta-base,finetuned,pretrained,67.47,64.07,64.97,47.55,0.0,
UD_Chinese-GSDSimp,rel-pos,xlm-roberta-base,not_finetuned,not_pretrained,20.45,12.47,13.47,6.05,0.0,
UD_Chinese-GSDSimp,rel-pos,xlm-roberta-base,not_finetuned,pretrained,30.44,22.71,19.47,9.79,0.0,
UD_Chinese-GSDSimp,rel-pos,xlm-roberta-base,finetuned,pretrained,74.72,71.91,72.18,53.68,0.0,
UD_Ligurian-GLT,relative,google/canine-s,not_finetuned,not_pretrained,26.87,13.48,2.12,0.0,0.0,
UD_Ligurian-GLT,relative,google/canine-s,not_finetuned,pretrained,22.89,12.48,10.89,2.01,0.0,
UD_Ligurian-GLT,relative,google/canine-s,finetuned,pretrained,27.74,13.1,0.47,0.0,0.0,
UD_Ligurian-GLT,relative,google/canine-c,not_finetuned,not_pretrained,25.86,13.24,2.23,0.28,0.0,
UD_Ligurian-GLT,relative,google/canine-c,not_finetuned,pretrained,20.97,10.46,4.37,0.87,0.0,
UD_Ligurian-GLT,relative,google/canine-c,finetuned,pretrained,28.26,11.04,0.0,0.0,0.0,
UD_Ligurian-GLT,relative,bert-base-multilingual-cased,not_finetuned,not_pretrained,26.34,16.6,5.65,0.14,0.0,
UD_Ligurian-GLT,relative,bert-base-multilingual-cased,not_finetuned,pretrained,31.81,21.21,7.55,1.28,0.0,
UD_Ligurian-GLT,relative,bert-base-multilingual-cased,finetuned,pretrained,33.54,17.56,0.81,0.16,0.0,
UD_Bhojpuri-BHTB,relative,google/canine-s,not_finetuned,not_pretrained,29.23,22.42,12.14,0.91,0.0,
UD_Bhojpuri-BHTB,relative,google/canine-s,not_finetuned,pretrained,24.49,17.84,6.09,0.39,0.0,
UD_Bhojpuri-BHTB,relative,google/canine-s,finetuned,pretrained,28.22,21.62,10.23,1.39,0.0,
UD_Bhojpuri-BHTB,relative,google/canine-c,not_finetuned,not_pretrained,29.23,22.42,12.14,0.91,0.0,
UD_Bhojpuri-BHTB,relative,google/canine-c,not_finetuned,pretrained,20.5,13.79,3.41,0.4,0.0,
UD_Bhojpuri-BHTB,relative,google/canine-c,finetuned,pretrained,20.71,13.74,1.92,0.26,0.0,
UD_Bhojpuri-BHTB,relative,bert-base-multilingual-cased,not_finetuned,not_pretrained,31.79,24.33,14.93,1.82,0.0,
UD_Bhojpuri-BHTB,relative,bert-base-multilingual-cased,not_finetuned,pretrained,35.41,28.27,16.31,1.73,0.0,
UD_Bhojpuri-BHTB,relative,bert-base-multilingual-cased,finetuned,pretrained,36.85,29.02,15.34,1.18,0.0,
UD_Kiche-IU,relative,google/canine-s,not_finetuned,not_pretrained,53.83,43.06,39.66,13.77,0.0,
UD_Kiche-IU,relative,google/canine-s,not_finetuned,pretrained,50.82,40.31,37.52,13.6,0.0,
UD_Kiche-IU,relative,google/canine-s,finetuned,pretrained,58.93,49.25,44.63,16.43,0.0,
UD_Kiche-IU,relative,google/canine-c,not_finetuned,not_pretrained,53.83,43.06,39.66,13.77,0.0,
UD_Kiche-IU,relative,google/canine-c,not_finetuned,pretrained,38.61,25.29,25.16,5.4,0.0,
UD_Kiche-IU,relative,google/canine-c,finetuned,pretrained,42.34,29.81,29.01,7.93,0.0,
UD_Kiche-IU,relative,bert-base-multilingual-cased,not_finetuned,not_pretrained,51.44,42.31,36.93,13.83,0.0,
UD_Kiche-IU,relative,bert-base-multilingual-cased,not_finetuned,pretrained,56.09,45.65,40.46,15.34,0.0,
UD_Kiche-IU,relative,bert-base-multilingual-cased,finetuned,pretrained,70.78,61.16,53.64,22.42,0.0,
UD_Guajajara-TuDeT,relative,google/canine-s,not_finetuned,not_pretrained,51.09,27.9,22.05,5.31,0.0,
UD_Guajajara-TuDeT,relative,google/canine-s,not_finetuned,pretrained,45.55,27.9,25.75,8.06,0.0,
UD_Guajajara-TuDeT,relative,google/canine-s,finetuned,pretrained,44.54,24.71,23.22,3.32,0.0,
UD_Guajajara-TuDeT,relative,google/canine-c,not_finetuned,not_pretrained,51.09,27.9,22.05,5.31,0.0,
UD_Guajajara-TuDeT,relative,google/canine-c,not_finetuned,pretrained,42.69,22.18,21.29,1.29,0.0,
UD_Guajajara-TuDeT,relative,google/canine-c,finetuned,pretrained,42.86,9.41,10.81,0.83,0.0,
UD_Guajajara-TuDeT,relative,bert-base-multilingual-cased,not_finetuned,not_pretrained,46.72,31.93,28.96,7.85,0.0,
UD_Guajajara-TuDeT,relative,bert-base-multilingual-cased,not_finetuned,pretrained,44.37,27.9,25.91,3.32,0.0,
UD_Guajajara-TuDeT,relative,bert-base-multilingual-cased,finetuned,pretrained,45.38,26.05,22.11,0.35,0.0,
UD_Skolt_Sami-Giellagas,relative,google/canine-s,not_finetuned,not_pretrained,18.22,9.18,7.5,0.39,0.0,
UD_Skolt_Sami-Giellagas,relative,google/canine-s,not_finetuned,pretrained,18.35,7.96,7.17,0.67,0.0,
UD_Skolt_Sami-Giellagas,relative,google/canine-s,finetuned,pretrained,18.89,7.02,6.02,0.0,0.0,
UD_Skolt_Sami-Giellagas,relative,google/canine-c,not_finetuned,not_pretrained,18.22,9.18,7.5,0.39,0.0,
UD_Skolt_Sami-Giellagas,relative,google/canine-c,not_finetuned,pretrained,16.6,6.21,4.87,0.0,0.0,
UD_Skolt_Sami-Giellagas,relative,google/canine-c,finetuned,pretrained,5.26,1.35,1.7,0.0,0.0,
UD_Skolt_Sami-Giellagas,relative,bert-base-multilingual-cased,not_finetuned,not_pretrained,18.62,10.39,6.9,0.21,0.0,
UD_Skolt_Sami-Giellagas,relative,bert-base-multilingual-cased,not_finetuned,pretrained,27.8,13.5,11.53,0.67,0.0,
UD_Skolt_Sami-Giellagas,relative,bert-base-multilingual-cased,finetuned,pretrained,26.05,8.77,8.17,0.0,0.0,
UD_Armenian-ArmTDP,relative,google/canine-s,not_finetuned,not_pretrained,31.26,18.89,10.77,2.29,0.0,
UD_Armenian-ArmTDP,relative,google/canine-s,not_finetuned,pretrained,32.21,21.25,13.3,2.65,0.0,
UD_Armenian-ArmTDP,relative,google/canine-s,finetuned,pretrained,42.72,30.41,20.88,3.4,0.0,
UD_Armenian-ArmTDP,relative,google/canine-c,not_finetuned,not_pretrained,31.26,18.89,10.77,2.29,0.0,
UD_Armenian-ArmTDP,relative,google/canine-c,not_finetuned,pretrained,26.96,16.76,10.51,2.59,0.0,
UD_Armenian-ArmTDP,relative,google/canine-c,finetuned,pretrained,30.87,19.57,10.88,2.36,0.0,
UD_Armenian-ArmTDP,relative,bert-base-multilingual-cased,not_finetuned,not_pretrained,32.62,19.94,13.06,3.27,0.0,
UD_Armenian-ArmTDP,relative,bert-base-multilingual-cased,not_finetuned,pretrained,44.08,34.8,28.31,6.21,0.0,
UD_Armenian-ArmTDP,relative,bert-base-multilingual-cased,finetuned,pretrained,63.92,56.78,51.79,8.41,0.0,
UD_Welsh-CCG,relative,google/canine-s,not_finetuned,not_pretrained,43.05,27.9,22.16,1.66,0.0,
UD_Welsh-CCG,relative,google/canine-s,not_finetuned,pretrained,40.16,23.86,20.95,1.73,0.0,
UD_Welsh-CCG,relative,google/canine-s,finetuned,pretrained,47.22,32.97,26.83,2.28,0.0,
UD_Welsh-CCG,relative,google/canine-c,not_finetuned,not_pretrained,43.05,27.9,22.16,1.66,0.0,
UD_Chinese-GSDSimp,2-planar-brackets-greedy,xlm-roberta-base,finetuned,pretrained,81.27,76.61,75.43,58.21,0.0,
UD_Welsh-CCG,relative,google/canine-c,not_finetuned,pretrained,33.34,15.61,13.61,0.26,0.0,
UD_Welsh-CCG,relative,google/canine-c,finetuned,pretrained,31.65,14.86,6.8,0.02,0.0,
UD_Welsh-CCG,relative,bert-base-multilingual-cased,not_finetuned,not_pretrained,35.56,22.32,18.02,1.99,0.0,
UD_Welsh-CCG,relative,bert-base-multilingual-cased,not_finetuned,pretrained,55.08,43.6,37.01,4.29,0.0,
UD_Welsh-CCG,relative,bert-base-multilingual-cased,finetuned,pretrained,65.65,56.99,50.49,5.87,0.0,
UD_Vietnamese-VTB,relative,google/canine-s,not_finetuned,not_pretrained,29.05,16.13,14.77,11.37,0.0,
UD_Vietnamese-VTB,relative,google/canine-s,not_finetuned,pretrained,30.44,16.73,15.54,11.99,0.0,
UD_Vietnamese-VTB,relative,google/canine-s,finetuned,pretrained,38.83,26.83,25.68,19.26,0.0,
UD_Vietnamese-VTB,relative,google/canine-c,not_finetuned,not_pretrained,29.05,16.13,14.77,11.37,0.0,
UD_Vietnamese-VTB,relative,google/canine-c,not_finetuned,pretrained,27.54,11.98,12.24,10.42,0.0,
UD_Vietnamese-VTB,relative,google/canine-c,finetuned,pretrained,27.28,10.4,10.49,9.78,0.0,
UD_Vietnamese-VTB,relative,bert-base-multilingual-cased,not_finetuned,not_pretrained,27.08,14.67,14.78,11.99,0.0,
UD_Vietnamese-VTB,relative,bert-base-multilingual-cased,not_finetuned,pretrained,39.15,31.82,33.79,26.62,0.0,
UD_Vietnamese-VTB,relative,bert-base-multilingual-cased,finetuned,pretrained,55.73,48.62,50.32,41.15,0.0,
UD_Basque-BDT,relative,google/canine-s,not_finetuned,not_pretrained,29.91,20.69,12.17,4.22,0.0,
UD_Basque-BDT,relative,google/canine-s,not_finetuned,pretrained,31.75,22.89,14.66,5.4,0.0,
UD_Basque-BDT,relative,google/canine-s,finetuned,pretrained,54.92,45.81,40.75,14.79,0.0,
UD_Basque-BDT,relative,google/canine-c,not_finetuned,not_pretrained,29.91,20.69,12.17,4.22,0.0,
UD_Basque-BDT,relative,google/canine-c,not_finetuned,pretrained,25.64,16.4,8.35,2.89,0.0,
UD_Basque-BDT,relative,google/canine-c,finetuned,pretrained,46.72,33.73,27.71,9.7,0.0,
UD_Basque-BDT,relative,bert-base-multilingual-cased,not_finetuned,not_pretrained,28.83,19.65,12.27,4.44,0.0,
UD_Basque-BDT,relative,bert-base-multilingual-cased,not_finetuned,pretrained,47.78,40.2,35.93,13.02,0.0,
UD_Basque-BDT,relative,bert-base-multilingual-cased,finetuned,pretrained,74.0,70.15,69.29,26.37,0.0,
UD_Bulgarian-BTB,relative,google/canine-s,not_finetuned,not_pretrained,34.61,26.31,21.39,0.55,0.0,
UD_Bulgarian-BTB,relative,google/canine-s,not_finetuned,pretrained,38.96,30.53,27.6,0.69,0.0,
UD_Bulgarian-BTB,relative,google/canine-s,finetuned,pretrained,67.35,62.02,58.22,1.08,0.0,
UD_Bulgarian-BTB,relative,google/canine-c,not_finetuned,not_pretrained,34.61,26.31,21.39,0.55,0.0,
UD_Bulgarian-BTB,relative,google/canine-c,not_finetuned,pretrained,32.21,21.21,19.19,0.43,0.0,
UD_Bulgarian-BTB,relative,google/canine-c,finetuned,pretrained,55.25,48.45,45.03,0.73,0.0,
UD_Bulgarian-BTB,relative,bert-base-multilingual-cased,not_finetuned,not_pretrained,32.31,25.74,18.18,0.37,0.0,
UD_Bulgarian-BTB,relative,bert-base-multilingual-cased,not_finetuned,pretrained,59.46,54.34,50.93,0.93,0.0,
UD_Bulgarian-BTB,relative,bert-base-multilingual-cased,finetuned,pretrained,88.15,85.07,81.7,1.62,0.0,
UD_Turkish-BOUN,relative,google/canine-s,not_finetuned,not_pretrained,36.04,21.76,13.04,2.49,0.0,
UD_Turkish-BOUN,relative,google/canine-s,not_finetuned,pretrained,36.51,24.32,15.84,3.06,0.0,
UD_Turkish-BOUN,relative,google/canine-s,finetuned,pretrained,56.48,45.55,39.95,6.36,0.0,
UD_Turkish-BOUN,relative,google/canine-c,not_finetuned,not_pretrained,36.04,21.76,13.04,2.49,0.0,
UD_Turkish-BOUN,relative,google/canine-c,not_finetuned,pretrained,35.92,20.08,12.11,0.99,0.0,
UD_Turkish-BOUN,relative,google/canine-c,finetuned,pretrained,50.53,37.31,30.49,4.63,0.0,
UD_Turkish-BOUN,relative,bert-base-multilingual-cased,not_finetuned,not_pretrained,39.91,25.12,15.08,3.6,0.0,
UD_Turkish-BOUN,relative,bert-base-multilingual-cased,not_finetuned,pretrained,50.96,40.79,34.04,6.4,0.0,
UD_Turkish-BOUN,relative,bert-base-multilingual-cased,finetuned,pretrained,71.13,64.51,61.39,10.08,0.0,
UD_Ancient_Greek-Perseus,relative,google/canine-s,not_finetuned,not_pretrained,25.13,17.34,8.89,2.57,0.0,
UD_Ancient_Greek-Perseus,relative,google/canine-s,not_finetuned,pretrained,28.55,20.59,11.77,2.36,0.0,
UD_Ancient_Greek-Perseus,relative,google/canine-s,finetuned,pretrained,53.3,45.93,38.41,7.44,0.0,
UD_Chinese-GSDSimp,arc-hybrid,xlm-roberta-base,finetuned,pretrained,78.92,75.16,75.51,58.83,0.0,
UD_Ancient_Greek-Perseus,relative,google/canine-c,not_finetuned,not_pretrained,25.13,17.34,8.89,2.57,0.0,
UD_Ancient_Greek-Perseus,relative,google/canine-c,not_finetuned,pretrained,25.66,16.4,8.63,2.03,0.0,
UD_Ancient_Greek-Perseus,relative,google/canine-c,finetuned,pretrained,44.5,36.38,28.22,5.88,0.0,
UD_Ancient_Greek-Perseus,relative,bert-base-multilingual-cased,not_finetuned,not_pretrained,23.84,14.91,6.75,2.01,0.0,
UD_Ancient_Greek-Perseus,relative,bert-base-multilingual-cased,not_finetuned,pretrained,32.25,23.83,14.58,3.25,0.0,
UD_Ancient_Greek-Perseus,relative,bert-base-multilingual-cased,finetuned,pretrained,56.83,49.15,41.44,8.06,0.0,
UD_Chinese-GSDSimp,relative,xlm-roberta-base,not_finetuned,not_pretrained,28.39,11.53,12.21,6.2,0.0,
UD_Chinese-GSDSimp,relative,xlm-roberta-base,not_finetuned,pretrained,34.99,25.09,21.63,12.96,0.0,
UD_Chinese-GSDSimp,relative,xlm-roberta-base,finetuned,pretrained,67.47,64.07,64.97,47.55,0.0,
UD_Chinese-GSDSimp,relative,google/canine-s,not_finetuned,not_pretrained,33.89,20.42,16.84,9.01,0.0,
UD_Chinese-GSDSimp,relative,google/canine-s,not_finetuned,pretrained,35.83,27.34,25.01,14.38,0.0,
UD_Chinese-GSDSimp,relative,google/canine-s,finetuned,pretrained,52.76,47.04,45.37,30.77,0.0,
UD_Chinese-GSDSimp,relative,google/canine-c,not_finetuned,not_pretrained,33.74,20.05,16.68,8.75,0.0,
UD_Chinese-GSDSimp,relative,google/canine-c,not_finetuned,pretrained,29.4,19.43,17.49,9.69,0.0,
UD_Chinese-GSDSimp,relative,google/canine-c,finetuned,pretrained,35.13,26.71,24.16,13.99,0.0,
UD_Chinese-GSDSimp,relative,bert-base-multilingual-cased,not_finetuned,not_pretrained,35.0,21.02,16.25,8.68,0.0,
UD_Chinese-GSDSimp,relative,bert-base-multilingual-cased,not_finetuned,pretrained,44.62,38.82,36.55,23.72,0.0,
UD_Chinese-GSDSimp,relative,bert-base-multilingual-cased,finetuned,pretrained,66.93,63.49,63.76,46.53,0.0,
UD_Classical_Chinese-Kyoto,rel-pos,google/canine-s,not_finetuned,not_pretrained,48.81,36.63,34.31,21.39,0.0,
UD_Classical_Chinese-Kyoto,rel-pos,google/canine-s,not_finetuned,pretrained,58.36,47.73,46.19,29.59,0.0,
UD_Classical_Chinese-Kyoto,rel-pos,google/canine-s,finetuned,pretrained,79.7,73.08,72.45,46.41,0.0,
UD_Classical_Chinese-Kyoto,2-planar-brackets-greedy,google/canine-s,not_finetuned,not_pretrained,48.33,33.49,31.59,19.81,0.0,
UD_Classical_Chinese-Kyoto,2-planar-brackets-greedy,google/canine-s,not_finetuned,pretrained,57.91,42.96,41.84,27.37,0.0,
UD_Classical_Chinese-Kyoto,2-planar-brackets-greedy,google/canine-s,finetuned,pretrained,78.61,70.91,69.98,45.29,0.0,
UD_Classical_Chinese-Kyoto,arc-hybrid,google/canine-s,not_finetuned,not_pretrained,44.11,31.29,28.9,18.43,0.0,
UD_Classical_Chinese-Kyoto,arc-hybrid,google/canine-s,not_finetuned,pretrained,50.96,39.2,37.91,24.16,0.0,
UD_Classical_Chinese-Kyoto,arc-hybrid,google/canine-s,finetuned,pretrained,77.86,70.62,69.58,44.92,0.0,
UD_Classical_Chinese-Kyoto,relative,google/canine-s,not_finetuned,not_pretrained,41.33,30.12,27.8,17.4,0.0,
UD_Classical_Chinese-Kyoto,relative,google/canine-s,not_finetuned,pretrained,49.8,40.26,38.76,25.06,0.0,
UD_Classical_Chinese-Kyoto,relative,google/canine-s,finetuned,pretrained,77.92,71.74,70.68,45.63,0.0,
UD_Classical_Chinese-Kyoto,rel-pos,google/canine-c,not_finetuned,not_pretrained,51.02,39.09,36.73,22.87,0.0,
UD_Classical_Chinese-Kyoto,rel-pos,google/canine-c,not_finetuned,pretrained,45.97,34.41,33.31,22.06,0.0,
UD_Classical_Chinese-Kyoto,rel-pos,google/canine-c,finetuned,pretrained,76.76,69.42,68.72,43.89,0.0,
UD_Classical_Chinese-Kyoto,2-planar-brackets-greedy,google/canine-c,not_finetuned,not_pretrained,48.33,33.49,31.59,19.81,0.0,
UD_Classical_Chinese-Kyoto,2-planar-brackets-greedy,google/canine-c,not_finetuned,pretrained,47.79,30.79,29.86,19.59,0.0,
UD_Classical_Chinese-Kyoto,2-planar-brackets-greedy,google/canine-c,finetuned,pretrained,75.51,66.87,65.84,42.65,0.0,
UD_Classical_Chinese-Kyoto,arc-hybrid,google/canine-c,not_finetuned,not_pretrained,44.11,31.29,28.9,18.43,0.0,
UD_Classical_Chinese-Kyoto,arc-hybrid,google/canine-c,not_finetuned,pretrained,37.96,25.48,24.32,16.69,0.0,
UD_Classical_Chinese-Kyoto,arc-hybrid,google/canine-c,finetuned,pretrained,74.61,66.62,65.53,42.03,0.0,
UD_Classical_Chinese-Kyoto,relative,google/canine-c,not_finetuned,not_pretrained,41.33,30.12,27.8,17.4,0.0,
UD_Classical_Chinese-Kyoto,relative,google/canine-c,not_finetuned,pretrained,37.0,26.87,25.55,16.6,0.0,
UD_Classical_Chinese-Kyoto,relative,google/canine-c,finetuned,pretrained,73.72,66.51,65.45,41.91,0.0,
UD_Classical_Chinese-Kyoto,rel-pos,bert-base-multilingual-cased,not_finetuned,not_pretrained,50.41,37.51,35.23,22.7,0.0,
UD_Classical_Chinese-Kyoto,rel-pos,bert-base-multilingual-cased,not_finetuned,pretrained,67.62,57.46,55.93,35.88,0.0,
UD_Classical_Chinese-Kyoto,rel-pos,bert-base-multilingual-cased,finetuned,pretrained,84.21,78.59,77.96,50.73,0.0,
UD_Classical_Chinese-Kyoto,2-planar-brackets-greedy,bert-base-multilingual-cased,not_finetuned,not_pretrained,44.44,30.13,29.66,18.47,0.0,
UD_Classical_Chinese-Kyoto,2-planar-brackets-greedy,bert-base-multilingual-cased,not_finetuned,pretrained,63.99,52.68,51.76,32.99,0.0,
UD_Classical_Chinese-Kyoto,2-planar-brackets-greedy,bert-base-multilingual-cased,finetuned,pretrained,83.44,77.24,76.42,50.16,0.0,
UD_Classical_Chinese-Kyoto,arc-hybrid,bert-base-multilingual-cased,not_finetuned,not_pretrained,42.99,29.22,26.8,17.48,0.0,
UD_Classical_Chinese-Kyoto,arc-hybrid,bert-base-multilingual-cased,not_finetuned,pretrained,63.4,52.21,50.79,32.53,0.0,
UD_Classical_Chinese-Kyoto,relative,bert-base-multilingual-cased,not_finetuned,not_pretrained,42.25,29.35,27.22,17.15,0.0,
UD_Classical_Chinese-Kyoto,relative,bert-base-multilingual-cased,not_finetuned,pretrained,60.56,51.61,50.26,32.31,0.0,
UD_Classical_Chinese-Kyoto,relative,bert-base-multilingual-cased,finetuned,pretrained,83.1,77.53,76.61,50.28,0.0,
UD_Classical_Chinese-Kyoto,rel-pos,xlm-roberta-base,not_finetuned,not_pretrained,35.19,19.37,19.08,13.16,0.0,
UD_Classical_Chinese-Kyoto,rel-pos,xlm-roberta-base,not_finetuned,pretrained,51.66,39.08,38.01,25.0,0.0,
UD_Classical_Chinese-Kyoto,rel-pos,xlm-roberta-base,finetuned,pretrained,84.58,79.11,78.42,51.13,0.0,
UD_Classical_Chinese-Kyoto,2-planar-brackets-greedy,xlm-roberta-base,not_finetuned,not_pretrained,32.6,15.61,16.14,10.99,0.0,
UD_Classical_Chinese-Kyoto,2-planar-brackets-greedy,xlm-roberta-base,not_finetuned,pretrained,52.8,35.56,34.82,22.65,0.0,
UD_Classical_Chinese-Kyoto,2-planar-brackets-greedy,xlm-roberta-base,finetuned,pretrained,83.95,78.07,77.33,50.7,0.0,
UD_Classical_Chinese-Kyoto,arc-hybrid,xlm-roberta-base,not_finetuned,not_pretrained,25.66,13.79,13.72,10.4,0.0,
UD_Classical_Chinese-Kyoto,arc-hybrid,xlm-roberta-base,not_finetuned,pretrained,41.33,28.91,27.59,19.04,0.0,
UD_Classical_Chinese-Kyoto,arc-hybrid,xlm-roberta-base,finetuned,pretrained,84.17,78.22,77.35,50.84,0.0,
UD_Classical_Chinese-Kyoto,relative,xlm-roberta-base,not_finetuned,not_pretrained,19.9,9.08,9.0,6.65,0.0,
UD_Classical_Chinese-Kyoto,relative,xlm-roberta-base,not_finetuned,pretrained,45.1,32.72,31.45,20.46,0.0,
UD_Classical_Chinese-Kyoto,relative,xlm-roberta-base,finetuned,pretrained,83.28,77.64,76.79,50.42,0.0,
UD_Naija-NSC,rel-pos,google/canine-s,not_finetuned,not_pretrained,47.33,39.49,36.63,21.68,0.0,
UD_Naija-NSC,rel-pos,google/canine-s,not_finetuned,pretrained,51.11,43.11,40.68,24.49,0.0,
UD_Naija-NSC,rel-pos,google/canine-s,finetuned,pretrained,74.11,68.87,66.55,41.99,0.0,
UD_Naija-NSC,2-planar-brackets-greedy,google/canine-s,not_finetuned,not_pretrained,33.56,26.71,26.76,17.29,0.0,
UD_Naija-NSC,2-planar-brackets-greedy,google/canine-s,not_finetuned,pretrained,37.78,30.42,30.08,19.58,0.0,
UD_Naija-NSC,2-planar-brackets-greedy,google/canine-s,finetuned,pretrained,72.06,66.07,64.81,42.27,0.0,
UD_Naija-NSC,arc-hybrid,google/canine-s,not_finetuned,not_pretrained,30.58,24.5,22.23,13.33,0.0,
UD_Naija-NSC,arc-hybrid,google/canine-s,not_finetuned,pretrained,34.92,28.89,26.44,16.0,0.0,
UD_Naija-NSC,arc-hybrid,google/canine-s,finetuned,pretrained,65.81,61.37,58.92,37.66,0.0,
UD_Naija-NSC,relative,google/canine-s,not_finetuned,not_pretrained,33.57,28.75,26.84,15.21,0.0,
UD_Naija-NSC,relative,google/canine-s,not_finetuned,pretrained,35.81,31.1,29.62,17.62,0.0,
UD_Naija-NSC,relative,google/canine-s,finetuned,pretrained,64.22,59.93,56.86,34.92,0.0,
UD_Naija-NSC,rel-pos,google/canine-c,not_finetuned,not_pretrained,47.33,39.49,36.63,21.68,0.0,
UD_Naija-NSC,rel-pos,google/canine-c,not_finetuned,pretrained,41.81,31.38,31.05,18.57,0.0,
UD_Naija-NSC,rel-pos,google/canine-c,finetuned,pretrained,65.29,57.22,54.54,32.9,0.0,
UD_Naija-NSC,2-planar-brackets-greedy,google/canine-c,not_finetuned,not_pretrained,33.56,26.71,26.76,17.29,0.0,
UD_Naija-NSC,2-planar-brackets-greedy,google/canine-c,not_finetuned,pretrained,24.09,16.64,18.35,12.94,0.0,
UD_Naija-NSC,2-planar-brackets-greedy,google/canine-c,finetuned,pretrained,61.89,51.52,50.14,31.83,0.0,
UD_Naija-NSC,arc-hybrid,google/canine-c,not_finetuned,not_pretrained,30.58,24.5,22.23,13.33,0.0,
UD_Naija-NSC,arc-hybrid,google/canine-c,not_finetuned,pretrained,22.65,16.16,15.83,10.45,0.0,
UD_Naija-NSC,arc-hybrid,google/canine-c,finetuned,pretrained,53.91,47.81,46.11,27.97,0.0,
UD_Naija-NSC,relative,google/canine-c,not_finetuned,not_pretrained,33.57,28.75,26.84,15.21,0.0,
UD_Naija-NSC,relative,google/canine-c,not_finetuned,pretrained,27.64,21.38,21.36,12.81,0.0,
UD_Naija-NSC,relative,google/canine-c,finetuned,pretrained,51.36,45.5,42.72,25.38,0.0,
UD_Naija-NSC,rel-pos,bert-base-multilingual-cased,not_finetuned,not_pretrained,50.98,42.22,36.98,22.8,0.0,
UD_Naija-NSC,rel-pos,bert-base-multilingual-cased,not_finetuned,pretrained,65.44,59.82,56.0,35.11,0.0,
UD_Naija-NSC,rel-pos,bert-base-multilingual-cased,finetuned,pretrained,87.04,84.18,82.45,55.03,0.0,
UD_Naija-NSC,2-planar-brackets-greedy,bert-base-multilingual-cased,not_finetuned,not_pretrained,35.65,28.9,26.25,16.12,0.0,
UD_Naija-NSC,2-planar-brackets-greedy,bert-base-multilingual-cased,not_finetuned,pretrained,54.07,48.94,47.21,29.9,0.0,
UD_Naija-NSC,2-planar-brackets-greedy,bert-base-multilingual-cased,finetuned,pretrained,88.6,85.33,83.94,56.75,0.0,
UD_Naija-NSC,arc-hybrid,bert-base-multilingual-cased,not_finetuned,not_pretrained,33.63,27.18,23.54,14.26,0.0,
UD_Naija-NSC,arc-hybrid,bert-base-multilingual-cased,not_finetuned,pretrained,52.94,48.13,44.58,27.31,0.0,
UD_Naija-NSC,arc-hybrid,bert-base-multilingual-cased,finetuned,pretrained,84.89,82.13,80.18,54.2,0.0,
UD_Naija-NSC,relative,bert-base-multilingual-cased,not_finetuned,not_pretrained,32.49,27.91,24.39,13.82,0.0,
UD_Naija-NSC,relative,bert-base-multilingual-cased,not_finetuned,pretrained,47.37,44.04,41.0,23.58,0.0,
UD_Naija-NSC,relative,bert-base-multilingual-cased,finetuned,pretrained,82.44,79.68,77.12,51.39,0.0,
UD_Naija-NSC,rel-pos,xlm-roberta-base,not_finetuned,not_pretrained,49.93,41.91,36.83,22.97,0.0,
UD_Naija-NSC,rel-pos,xlm-roberta-base,not_finetuned,pretrained,58.64,52.05,47.52,28.87,0.0,
UD_Naija-NSC,rel-pos,xlm-roberta-base,finetuned,pretrained,86.9,84.28,82.53,55.07,0.0,
UD_Naija-NSC,2-planar-brackets-greedy,xlm-roberta-base,not_finetuned,not_pretrained,35.44,28.56,26.01,15.8,0.0,
UD_Naija-NSC,2-planar-brackets-greedy,xlm-roberta-base,not_finetuned,pretrained,42.15,36.66,35.04,21.05,0.0,
UD_Naija-NSC,2-planar-brackets-greedy,xlm-roberta-base,finetuned,pretrained,88.87,85.38,83.99,56.49,0.0,
UD_Naija-NSC,arc-hybrid,xlm-roberta-base,not_finetuned,not_pretrained,32.29,25.94,22.56,13.58,0.0,
UD_Naija-NSC,arc-hybrid,xlm-roberta-base,not_finetuned,pretrained,42.36,36.93,33.58,19.77,0.0,
UD_Naija-NSC,arc-hybrid,xlm-roberta-base,finetuned,pretrained,85.23,82.57,80.63,54.22,0.0,
UD_Naija-NSC,relative,xlm-roberta-base,not_finetuned,not_pretrained,31.92,27.61,23.98,13.89,0.0,
UD_Naija-NSC,relative,xlm-roberta-base,not_finetuned,pretrained,39.27,35.67,33.48,18.61,0.0,
UD_Naija-NSC,relative,xlm-roberta-base,finetuned,pretrained,82.76,80.04,77.47,51.45,0.0,
UD_Maltese-MUDT,rel-pos,google/canine-s,not_finetuned,not_pretrained,40.67,32.8,20.01,14.16,20.01,
UD_Maltese-MUDT,rel-pos,google/canine-s,not_finetuned,pretrained,41.41,31.82,22.04,15.66,22.04,
UD_Maltese-MUDT,rel-pos,google/canine-s,finetuned,pretrained,55.12,45.59,33.34,26.57,33.34,
UD_Maltese-MUDT,2-planar-brackets-greedy,google/canine-s,not_finetuned,not_pretrained,32.86,22.44,13.1,9.89,13.1,
UD_Maltese-MUDT,2-planar-brackets-greedy,google/canine-s,not_finetuned,pretrained,33.62,22.79,14.65,11.53,14.65,
UD_Maltese-MUDT,2-planar-brackets-greedy,google/canine-s,finetuned,pretrained,43.39,32.95,21.37,17.4,21.37,
UD_Maltese-MUDT,arc-hybrid,google/canine-s,not_finetuned,not_pretrained,28.66,21.01,7.34,5.01,7.34,
UD_Maltese-MUDT,arc-hybrid,google/canine-s,not_finetuned,pretrained,28.42,20.54,7.74,5.75,7.74,
UD_Maltese-MUDT,arc-hybrid,google/canine-s,finetuned,pretrained,40.83,31.63,15.95,12.6,15.95,
UD_Maltese-MUDT,relative,google/canine-s,not_finetuned,not_pretrained,35.37,24.44,15.74,12.49,15.74,
UD_Maltese-MUDT,relative,google/canine-s,not_finetuned,pretrained,36.2,25.78,19.47,16.22,19.47,
UD_Maltese-MUDT,relative,google/canine-s,finetuned,pretrained,42.86,34.96,26.42,22.47,26.42,
UD_Maltese-MUDT,rel-pos,google/canine-c,not_finetuned,not_pretrained,40.67,32.8,20.01,14.16,20.01,
UD_Maltese-MUDT,rel-pos,google/canine-c,not_finetuned,pretrained,31.3,21.29,13.94,7.95,13.94,
UD_Maltese-MUDT,rel-pos,google/canine-c,finetuned,pretrained,34.04,23.26,10.48,7.47,10.48,
UD_Maltese-MUDT,2-planar-brackets-greedy,google/canine-c,not_finetuned,not_pretrained,32.86,22.44,13.1,9.89,13.1,
UD_Maltese-MUDT,2-planar-brackets-greedy,google/canine-c,not_finetuned,pretrained,26.91,12.54,6.53,4.23,6.53,
UD_Maltese-MUDT,2-planar-brackets-greedy,google/canine-c,finetuned,pretrained,26.95,17.59,9.6,5.87,9.6,
UD_Maltese-MUDT,arc-hybrid,google/canine-c,not_finetuned,not_pretrained,28.66,21.01,7.34,5.01,7.34,
UD_Maltese-MUDT,arc-hybrid,google/canine-c,not_finetuned,pretrained,22.56,13.93,3.57,2.23,3.57,
UD_Maltese-MUDT,arc-hybrid,google/canine-c,finetuned,pretrained,23.45,17.56,3.71,2.41,3.71,
UD_Maltese-MUDT,relative,google/canine-c,not_finetuned,not_pretrained,35.37,24.44,15.74,12.49,15.74,
UD_Maltese-MUDT,relative,google/canine-c,not_finetuned,pretrained,32.09,17.83,11.42,8.3,11.42,
UD_Maltese-MUDT,relative,google/canine-c,finetuned,pretrained,35.3,21.15,10.64,8.98,10.64,
UD_Maltese-MUDT,rel-pos,bert-base-multilingual-cased,not_finetuned,not_pretrained,40.4,31.73,15.49,12.12,15.49,
UD_Maltese-MUDT,rel-pos,bert-base-multilingual-cased,not_finetuned,pretrained,50.44,42.54,28.57,23.23,28.57,
UD_Maltese-MUDT,rel-pos,bert-base-multilingual-cased,finetuned,pretrained,66.31,58.06,49.17,41.69,49.17,
UD_Maltese-MUDT,2-planar-brackets-greedy,bert-base-multilingual-cased,not_finetuned,not_pretrained,28.05,18.02,10.3,7.34,10.3,
UD_Maltese-MUDT,2-planar-brackets-greedy,bert-base-multilingual-cased,not_finetuned,pretrained,37.98,29.63,20.0,16.83,20.0,
UD_Maltese-MUDT,2-planar-brackets-greedy,bert-base-multilingual-cased,finetuned,pretrained,59.66,47.91,35.2,31.19,35.2,
UD_Maltese-MUDT,arc-hybrid,bert-base-multilingual-cased,not_finetuned,not_pretrained,29.5,21.99,8.02,5.85,8.02,
UD_Maltese-MUDT,arc-hybrid,bert-base-multilingual-cased,not_finetuned,pretrained,37.36,30.07,14.93,11.49,14.93,
UD_Maltese-MUDT,arc-hybrid,bert-base-multilingual-cased,finetuned,pretrained,56.52,48.27,35.7,30.07,35.7,
UD_Maltese-MUDT,relative,bert-base-multilingual-cased,not_finetuned,not_pretrained,28.15,21.28,12.27,9.6,12.27,
UD_Maltese-MUDT,relative,bert-base-multilingual-cased,not_finetuned,pretrained,39.04,31.37,22.17,19.56,22.17,
UD_Maltese-MUDT,relative,bert-base-multilingual-cased,finetuned,pretrained,57.17,48.34,38.08,34.33,38.08,
UD_Maltese-MUDT,rel-pos,xlm-roberta-base,not_finetuned,not_pretrained,38.7,29.68,15.19,11.32,15.19,
UD_Maltese-MUDT,rel-pos,xlm-roberta-base,not_finetuned,pretrained,40.62,32.52,18.03,14.28,18.03,
UD_Maltese-MUDT,rel-pos,xlm-roberta-base,finetuned,pretrained,62.58,54.3,43.86,37.23,43.86,
UD_Maltese-MUDT,2-planar-brackets-greedy,xlm-roberta-base,not_finetuned,not_pretrained,24.93,15.15,8.68,6.01,8.68,
UD_Maltese-MUDT,2-planar-brackets-greedy,xlm-roberta-base,not_finetuned,pretrained,28.66,20.15,10.84,8.59,10.84,
UD_Maltese-MUDT,2-planar-brackets-greedy,xlm-roberta-base,finetuned,pretrained,57.71,45.33,32.21,27.8,32.21,
UD_Maltese-MUDT,arc-hybrid,xlm-roberta-base,not_finetuned,not_pretrained,29.6,20.39,7.16,5.05,7.16,
UD_Maltese-MUDT,arc-hybrid,xlm-roberta-base,not_finetuned,pretrained,26.91,20.03,5.55,3.48,5.55,
UD_Maltese-MUDT,arc-hybrid,xlm-roberta-base,finetuned,pretrained,48.28,41.19,25.55,20.81,25.55,
UD_Maltese-MUDT,relative,xlm-roberta-base,not_finetuned,not_pretrained,25.76,18.24,11.36,8.45,11.36,
UD_Maltese-MUDT,relative,xlm-roberta-base,not_finetuned,pretrained,31.87,23.26,13.74,11.84,13.74,
UD_Maltese-MUDT,relative,xlm-roberta-base,finetuned,pretrained,48.6,40.37,30.82,27.97,30.82,
UD_Gothic-PROIEL,rel-pos,google/canine-s,not_finetuned,not_pretrained,40.43,28.02,24.37,2.33,0.0,
UD_Gothic-PROIEL,rel-pos,google/canine-s,not_finetuned,pretrained,41.55,29.59,26.04,1.76,0.0,
UD_Gothic-PROIEL,2-planar-brackets-greedy,google/canine-s,not_finetuned,not_pretrained,35.05,22.29,19.37,1.63,0.0,
UD_Gothic-PROIEL,2-planar-brackets-greedy,google/canine-s,not_finetuned,pretrained,36.06,22.31,19.63,1.52,0.0,
UD_Gothic-PROIEL,arc-hybrid,google/canine-s,not_finetuned,not_pretrained,33.9,23.09,17.46,1.65,0.0,
UD_Gothic-PROIEL,arc-hybrid,google/canine-s,not_finetuned,pretrained,32.48,22.18,17.05,1.54,0.0,
UD_Gothic-PROIEL,relative,google/canine-s,not_finetuned,not_pretrained,33.67,23.59,20.21,1.45,0.0,
UD_Gothic-PROIEL,relative,google/canine-s,not_finetuned,pretrained,35.16,24.84,21.65,1.25,0.0,
UD_Gothic-PROIEL,rel-pos,google/canine-c,not_finetuned,not_pretrained,40.15,28.01,24.01,2.28,0.0,
UD_Gothic-PROIEL,rel-pos,google/canine-c,not_finetuned,pretrained,30.48,17.01,15.12,0.55,0.0,
UD_Gothic-PROIEL,2-planar-brackets-greedy,google/canine-c,not_finetuned,not_pretrained,35.05,22.29,19.37,1.63,0.0,
UD_Gothic-PROIEL,2-planar-brackets-greedy,google/canine-c,not_finetuned,pretrained,25.65,11.52,11.26,0.24,0.0,
UD_Gothic-PROIEL,arc-hybrid,google/canine-c,not_finetuned,not_pretrained,33.9,23.09,17.46,1.65,0.0,
UD_Gothic-PROIEL,arc-hybrid,google/canine-c,not_finetuned,pretrained,23.56,12.89,9.45,0.53,0.0,
UD_Gothic-PROIEL,relative,google/canine-c,not_finetuned,not_pretrained,33.67,23.59,20.21,1.45,0.0,
UD_Gothic-PROIEL,relative,google/canine-c,not_finetuned,pretrained,26.45,14.63,12.58,0.51,0.0,
UD_Gothic-PROIEL,rel-pos,bert-base-multilingual-cased,not_finetuned,not_pretrained,42.9,29.88,24.43,2.57,0.0,
UD_Gothic-PROIEL,rel-pos,bert-base-multilingual-cased,not_finetuned,pretrained,52.44,40.89,34.68,3.15,0.0,
UD_Gothic-PROIEL,2-planar-brackets-greedy,bert-base-multilingual-cased,not_finetuned,not_pretrained,32.4,21.7,19.44,1.8,0.0,
UD_Gothic-PROIEL,2-planar-brackets-greedy,bert-base-multilingual-cased,not_finetuned,pretrained,42.38,31.6,27.4,2.77,0.0,
UD_Gothic-PROIEL,arc-hybrid,bert-base-multilingual-cased,not_finetuned,not_pretrained,37.6,25.41,18.1,1.77,0.0,
UD_Gothic-PROIEL,arc-hybrid,bert-base-multilingual-cased,not_finetuned,pretrained,44.17,33.33,26.03,2.27,0.0,
UD_Gothic-PROIEL,arc-hybrid,bert-base-multilingual-cased,finetuned,pretrained,72.24,63.26,58.75,5.69,0.0,
UD_Gothic-PROIEL,relative,bert-base-multilingual-cased,not_finetuned,not_pretrained,34.54,23.74,19.2,1.51,0.0,
UD_Gothic-PROIEL,relative,bert-base-multilingual-cased,not_finetuned,pretrained,41.41,32.64,27.86,2.05,0.0,
UD_Gothic-PROIEL,rel-pos,xlm-roberta-base,not_finetuned,not_pretrained,42.91,29.99,24.27,2.35,0.0,
UD_Gothic-PROIEL,rel-pos,xlm-roberta-base,not_finetuned,pretrained,40.77,28.83,21.46,1.48,0.0,
UD_Gothic-PROIEL,2-planar-brackets-greedy,xlm-roberta-base,not_finetuned,not_pretrained,31.66,21.31,18.85,1.85,0.0,
UD_Gothic-PROIEL,2-planar-brackets-greedy,xlm-roberta-base,not_finetuned,pretrained,29.7,20.29,16.62,1.49,0.0,
UD_Gothic-PROIEL,arc-hybrid,xlm-roberta-base,not_finetuned,not_pretrained,37.4,25.73,18.19,1.4,0.0,
UD_Gothic-PROIEL,arc-hybrid,xlm-roberta-base,not_finetuned,pretrained,34.76,23.93,16.07,1.11,0.0,
UD_Gothic-PROIEL,relative,xlm-roberta-base,not_finetuned,not_pretrained,34.01,23.83,19.35,1.32,0.0,
UD_Gothic-PROIEL,relative,xlm-roberta-base,not_finetuned,pretrained,34.21,23.71,19.93,0.84,0.0,
UD_Wolof-WTB,rel-pos,google/canine-s,not_finetuned,not_pretrained,47.09,36.95,29.07,3.65,0.0,
UD_Wolof-WTB,rel-pos,google/canine-s,not_finetuned,pretrained,43.98,33.44,28.28,4.15,0.0,
UD_Wolof-WTB,rel-pos,google/canine-s,finetuned,pretrained,54.8,46.26,38.64,6.91,0.0,
UD_Wolof-WTB,2-planar-brackets-greedy,google/canine-s,not_finetuned,not_pretrained,33.52,22.78,18.27,2.38,0.0,
UD_Wolof-WTB,2-planar-brackets-greedy,google/canine-s,not_finetuned,pretrained,30.57,20.25,15.58,2.65,0.0,
UD_Wolof-WTB,2-planar-brackets-greedy,google/canine-s,finetuned,pretrained,42.56,31.9,25.9,4.25,0.0,
UD_Wolof-WTB,arc-hybrid,google/canine-s,not_finetuned,not_pretrained,30.56,21.83,13.99,1.64,0.0,
UD_Wolof-WTB,arc-hybrid,google/canine-s,not_finetuned,pretrained,27.2,18.76,12.24,2.13,0.0,
UD_Wolof-WTB,arc-hybrid,google/canine-s,finetuned,pretrained,37.52,29.14,21.63,3.93,0.0,
UD_Wolof-WTB,relative,google/canine-s,not_finetuned,not_pretrained,35.66,26.67,21.46,3.94,0.0,
UD_Wolof-WTB,relative,google/canine-s,not_finetuned,pretrained,33.92,25.18,21.28,4.57,0.0,
UD_Wolof-WTB,relative,google/canine-s,finetuned,pretrained,41.28,34.37,29.94,6.39,0.0,
UD_Wolof-WTB,rel-pos,google/canine-c,not_finetuned,not_pretrained,47.48,37.3,28.8,3.52,0.0,
UD_Wolof-WTB,rel-pos,google/canine-c,not_finetuned,pretrained,32.96,19.06,17.05,2.38,0.0,
UD_Wolof-WTB,rel-pos,google/canine-c,finetuned,pretrained,39.13,26.53,21.73,3.31,0.0,
UD_Wolof-WTB,2-planar-brackets-greedy,google/canine-c,not_finetuned,not_pretrained,33.52,22.78,18.27,2.38,0.0,
UD_Wolof-WTB,2-planar-brackets-greedy,google/canine-c,not_finetuned,pretrained,23.68,7.71,5.88,1.01,0.0,
UD_Wolof-WTB,2-planar-brackets-greedy,google/canine-c,finetuned,pretrained,18.73,9.03,5.32,0.25,0.0,
UD_Wolof-WTB,arc-hybrid,google/canine-c,not_finetuned,not_pretrained,30.56,21.83,13.99,1.64,0.0,
UD_Wolof-WTB,arc-hybrid,google/canine-c,not_finetuned,pretrained,13.79,6.18,3.76,0.42,0.0,
UD_Wolof-WTB,arc-hybrid,google/canine-c,finetuned,pretrained,12.6,6.01,3.59,0.52,0.0,
UD_Wolof-WTB,relative,google/canine-c,not_finetuned,not_pretrained,35.66,26.67,21.46,3.94,0.0,
UD_Wolof-WTB,relative,google/canine-c,not_finetuned,pretrained,25.78,13.76,12.7,1.89,0.0,
UD_Wolof-WTB,relative,google/canine-c,finetuned,pretrained,26.39,15.88,11.94,2.12,0.0,
UD_Wolof-WTB,rel-pos,bert-base-multilingual-cased,not_finetuned,not_pretrained,46.53,35.65,22.14,2.75,0.0,
UD_Wolof-WTB,rel-pos,bert-base-multilingual-cased,not_finetuned,pretrained,53.98,45.19,33.87,6.27,0.0,
UD_Wolof-WTB,rel-pos,bert-base-multilingual-cased,finetuned,pretrained,69.44,62.74,56.34,10.89,0.0,
UD_Wolof-WTB,2-planar-brackets-greedy,bert-base-multilingual-cased,not_finetuned,not_pretrained,29.47,19.36,10.91,1.33,0.0,
UD_Wolof-WTB,2-planar-brackets-greedy,bert-base-multilingual-cased,not_finetuned,pretrained,38.15,28.32,20.24,4.22,0.0,
UD_Wolof-WTB,2-planar-brackets-greedy,bert-base-multilingual-cased,finetuned,pretrained,60.28,49.69,40.3,6.64,0.0,
UD_Wolof-WTB,arc-hybrid,bert-base-multilingual-cased,not_finetuned,not_pretrained,33.1,22.46,11.73,1.6,0.0,
UD_Wolof-WTB,arc-hybrid,bert-base-multilingual-cased,not_finetuned,pretrained,38.6,30.22,19.58,3.7,0.0,
UD_Wolof-WTB,arc-hybrid,bert-base-multilingual-cased,finetuned,pretrained,59.87,50.38,41.52,7.88,0.0,
UD_Wolof-WTB,relative,bert-base-multilingual-cased,not_finetuned,not_pretrained,28.37,20.4,12.68,2.11,0.0,
UD_Wolof-WTB,relative,bert-base-multilingual-cased,not_finetuned,pretrained,39.66,31.79,25.23,5.67,0.0,
UD_Wolof-WTB,relative,bert-base-multilingual-cased,finetuned,pretrained,57.92,50.63,44.31,9.41,0.0,
UD_Wolof-WTB,rel-pos,xlm-roberta-base,not_finetuned,not_pretrained,44.29,32.45,18.91,2.48,0.0,
UD_Wolof-WTB,rel-pos,xlm-roberta-base,not_finetuned,pretrained,45.01,34.89,21.9,2.35,0.0,
UD_Wolof-WTB,rel-pos,xlm-roberta-base,finetuned,pretrained,62.33,54.31,47.65,7.4,0.0,
UD_Wolof-WTB,2-planar-brackets-greedy,xlm-roberta-base,not_finetuned,not_pretrained,26.74,17.17,9.42,1.25,0.0,
UD_Wolof-WTB,2-planar-brackets-greedy,xlm-roberta-base,not_finetuned,pretrained,23.42,16.0,8.52,0.48,0.0,
UD_Wolof-WTB,2-planar-brackets-greedy,xlm-roberta-base,finetuned,pretrained,55.06,43.16,34.07,5.81,0.0,
UD_Wolof-WTB,arc-hybrid,xlm-roberta-base,not_finetuned,not_pretrained,32.65,21.69,11.32,1.82,0.0,
UD_Wolof-WTB,arc-hybrid,xlm-roberta-base,not_finetuned,pretrained,27.8,18.78,9.03,0.55,0.0,
UD_Wolof-WTB,arc-hybrid,xlm-roberta-base,finetuned,pretrained,50.83,41.37,31.09,4.16,0.0,
UD_Wolof-WTB,relative,xlm-roberta-base,not_finetuned,not_pretrained,28.41,19.28,11.47,1.8,0.0,
UD_Wolof-WTB,relative,xlm-roberta-base,not_finetuned,pretrained,26.69,19.3,12.16,2.19,0.0,
UD_Wolof-WTB,relative,xlm-roberta-base,finetuned,pretrained,51.84,43.06,36.04,7.29,0.0,
UD_Old_East_Slavic-TOROT,rel-pos,google/canine-s,not_finetuned,not_pretrained,40.01,27.38,23.8,2.78,0.0,
UD_Old_East_Slavic-TOROT,rel-pos,google/canine-s,not_finetuned,pretrained,42.83,30.01,27.22,3.12,0.0,
UD_Old_East_Slavic-TOROT,rel-pos,google/canine-s,finetuned,pretrained,64.47,53.54,50.96,5.56,0.0,
UD_Old_East_Slavic-TOROT,2-planar-brackets-greedy,google/canine-s,not_finetuned,not_pretrained,35.8,21.26,19.32,1.59,0.0,
UD_Old_East_Slavic-TOROT,2-planar-brackets-greedy,google/canine-s,not_finetuned,pretrained,37.58,22.69,21.3,1.71,0.0,
UD_Old_East_Slavic-TOROT,2-planar-brackets-greedy,google/canine-s,finetuned,pretrained,61.2,48.06,45.02,4.81,0.0,
UD_Old_East_Slavic-TOROT,arc-hybrid,google/canine-s,not_finetuned,not_pretrained,31.22,20.42,16.02,1.41,0.0,
UD_Old_East_Slavic-TOROT,arc-hybrid,google/canine-s,not_finetuned,pretrained,33.5,22.0,18.4,1.68,0.0,
UD_Old_East_Slavic-TOROT,arc-hybrid,google/canine-s,finetuned,pretrained,57.48,46.9,43.0,4.6,0.0,
UD_Old_East_Slavic-TOROT,relative,google/canine-s,not_finetuned,not_pretrained,34.98,23.5,20.28,1.49,0.0,
UD_Old_East_Slavic-TOROT,relative,google/canine-s,not_finetuned,pretrained,36.75,25.23,22.5,1.7,0.0,
UD_Old_East_Slavic-TOROT,relative,google/canine-s,finetuned,pretrained,57.77,48.49,44.93,4.06,0.0,
UD_Old_East_Slavic-TOROT,rel-pos,google/canine-c,not_finetuned,not_pretrained,40.01,27.38,23.8,2.78,0.0,
UD_Old_East_Slavic-TOROT,rel-pos,google/canine-c,not_finetuned,pretrained,33.73,19.7,17.92,1.56,0.0,
UD_Old_East_Slavic-TOROT,rel-pos,google/canine-c,finetuned,pretrained,59.28,46.38,43.67,4.64,0.0,
UD_Old_East_Slavic-TOROT,2-planar-brackets-greedy,google/canine-c,not_finetuned,not_pretrained,35.8,21.26,19.32,1.59,0.0,
UD_Old_East_Slavic-TOROT,2-planar-brackets-greedy,google/canine-c,not_finetuned,pretrained,30.25,14.25,13.37,1.24,0.0,
UD_Old_East_Slavic-TOROT,2-planar-brackets-greedy,google/canine-c,finetuned,pretrained,52.07,36.44,33.34,3.33,0.0,
UD_Old_East_Slavic-TOROT,arc-hybrid,google/canine-c,not_finetuned,not_pretrained,31.22,20.42,16.02,1.41,0.0,
UD_Old_East_Slavic-TOROT,arc-hybrid,google/canine-c,not_finetuned,pretrained,25.13,13.36,9.99,0.79,0.0,
UD_Old_East_Slavic-TOROT,arc-hybrid,google/canine-c,finetuned,pretrained,48.55,36.66,32.82,3.49,0.0,
UD_Old_East_Slavic-TOROT,relative,google/canine-c,not_finetuned,not_pretrained,34.98,23.5,20.28,1.49,0.0,
UD_Old_East_Slavic-TOROT,relative,google/canine-c,not_finetuned,pretrained,30.5,17.31,15.01,1.0,0.0,
UD_Old_East_Slavic-TOROT,relative,google/canine-c,finetuned,pretrained,50.3,39.02,35.16,2.78,0.0,
UD_Old_East_Slavic-TOROT,rel-pos,bert-base-multilingual-cased,not_finetuned,not_pretrained,38.77,24.01,18.51,2.81,0.0,
UD_Old_East_Slavic-TOROT,rel-pos,bert-base-multilingual-cased,not_finetuned,pretrained,54.91,42.2,36.61,4.11,0.0,
UD_Old_East_Slavic-TOROT,rel-pos,bert-base-multilingual-cased,finetuned,pretrained,71.52,61.76,58.47,6.21,0.0,
UD_Old_East_Slavic-TOROT,2-planar-brackets-greedy,bert-base-multilingual-cased,not_finetuned,not_pretrained,27.92,15.78,12.3,1.25,0.0,
UD_Old_East_Slavic-TOROT,2-planar-brackets-greedy,bert-base-multilingual-cased,not_finetuned,pretrained,49.65,36.04,30.62,2.98,0.0,
UD_Old_East_Slavic-TOROT,2-planar-brackets-greedy,bert-base-multilingual-cased,finetuned,pretrained,69.52,58.75,54.52,6.12,0.0,
UD_Old_East_Slavic-TOROT,arc-hybrid,bert-base-multilingual-cased,not_finetuned,not_pretrained,29.71,18.11,11.55,0.86,0.0,
UD_Old_East_Slavic-TOROT,arc-hybrid,bert-base-multilingual-cased,not_finetuned,pretrained,47.04,34.42,28.18,2.6,0.0,
UD_Old_East_Slavic-TOROT,arc-hybrid,bert-base-multilingual-cased,finetuned,pretrained,68.87,58.64,54.3,6.22,0.0,
UD_Old_East_Slavic-TOROT,relative,bert-base-multilingual-cased,not_finetuned,not_pretrained,29.62,18.14,14.27,1.05,0.0,
UD_Old_East_Slavic-TOROT,relative,bert-base-multilingual-cased,not_finetuned,pretrained,45.53,34.21,28.25,2.39,0.0,
UD_Old_East_Slavic-TOROT,relative,bert-base-multilingual-cased,finetuned,pretrained,67.63,57.97,53.6,5.63,0.0,
UD_Old_East_Slavic-TOROT,rel-pos,xlm-roberta-base,not_finetuned,not_pretrained,39.49,25.73,21.01,2.97,0.0,
UD_Old_East_Slavic-TOROT,rel-pos,xlm-roberta-base,not_finetuned,pretrained,54.31,41.85,36.26,3.9,0.0,
UD_Old_East_Slavic-TOROT,rel-pos,xlm-roberta-base,finetuned,pretrained,81.25,75.63,73.29,7.89,0.0,
UD_Old_East_Slavic-TOROT,2-planar-brackets-greedy,xlm-roberta-base,not_finetuned,not_pretrained,29.02,16.45,13.89,1.31,0.0,
UD_Old_East_Slavic-TOROT,2-planar-brackets-greedy,xlm-roberta-base,not_finetuned,pretrained,46.0,33.65,28.52,2.88,0.0,
UD_Old_East_Slavic-TOROT,2-planar-brackets-greedy,xlm-roberta-base,finetuned,pretrained,80.49,73.82,70.58,7.74,0.0,
UD_Old_East_Slavic-TOROT,arc-hybrid,xlm-roberta-base,not_finetuned,not_pretrained,30.6,19.34,13.55,1.15,0.0,
UD_Old_East_Slavic-TOROT,arc-hybrid,xlm-roberta-base,not_finetuned,pretrained,45.54,33.75,26.75,2.34,0.0,
UD_Old_East_Slavic-TOROT,arc-hybrid,xlm-roberta-base,finetuned,pretrained,80.45,73.92,70.59,7.89,0.0,
UD_Old_East_Slavic-TOROT,relative,xlm-roberta-base,not_finetuned,not_pretrained,31.3,20.7,16.41,1.26,0.0,
UD_Old_East_Slavic-TOROT,relative,xlm-roberta-base,not_finetuned,pretrained,44.55,33.6,27.88,2.04,0.0,
UD_Old_East_Slavic-TOROT,relative,xlm-roberta-base,finetuned,pretrained,78.36,72.64,69.06,7.24,0.0,
