Treebank,Encoding,Language Model,In training data,Random,Task,UAS,LAS,CLAS,MLAS,BLEX,POS,1-deptag,Arc,1-plane,2-plane,Deprel
UD_Guajajara-TuDeT,rel-pos,bert-base-multilingual-cased,False,False,single,47.06,23.53,15.65,1.17,0.0,64.05,45.88,nan,nan,nan,nan
UD_Guajajara-TuDeT,rel-pos,bert-base-multilingual-cased,False,True,multi,45.71,29.58,25.06,2.63,0.0,64.18,nan,60.92,nan,nan,60.92
UD_Guajajara-TuDeT,rel-pos,bert-base-multilingual-cased,False,True,single,47.73,23.87,15.32,1.58,0.0,65.23,44.58,nan,nan,nan,nan
UD_Guajajara-TuDeT,rel-pos,bert-base-multilingual-cased,False,False,multi,42.02,24.87,22.17,1.93,0.0,63.92,nan,55.95,nan,nan,61.83
UD_Guajajara-TuDeT,rel-pos,xlm-roberta-base,False,True,single,47.39,25.04,15.6,1.15,0.0,65.1,44.05,nan,nan,nan,nan
UD_Guajajara-TuDeT,rel-pos,xlm-roberta-base,False,True,multi,45.71,28.91,25.16,2.29,0.0,66.27,nan,60.0,nan,nan,58.82
UD_Guajajara-TuDeT,rel-pos,xlm-roberta-base,False,False,single,41.51,21.85,20.63,0.0,0.0,43.92,13.46,nan,nan,nan,nan
UD_Skolt_Sami-Giellagas,rel-pos,bert-base-multilingual-cased,False,True,single,18.49,9.18,6.87,0.0,0.0,47.15,31.36,nan,nan,nan,nan
UD_Skolt_Sami-Giellagas,rel-pos,bert-base-multilingual-cased,False,True,multi,23.21,7.96,6.97,0.0,0.0,47.5,nan,45.53,nan,nan,38.56
UD_Guajajara-TuDeT,rel-pos,xlm-roberta-base,False,False,multi,40.17,19.66,18.05,1.43,0.0,57.52,nan,42.35,nan,nan,41.44
UD_Skolt_Sami-Giellagas,rel-pos,bert-base-multilingual-cased,False,False,single,20.92,10.39,6.98,0.0,0.0,52.26,32.29,nan,nan,nan,nan
UD_Skolt_Sami-Giellagas,rel-pos,bert-base-multilingual-cased,False,False,multi,25.78,7.96,5.02,0.0,0.0,51.45,nan,48.2,nan,nan,42.28
UD_Skolt_Sami-Giellagas,rel-pos,xlm-roberta-base,False,True,single,19.7,10.93,7.42,0.0,0.0,48.9,29.97,nan,nan,nan,nan
UD_Skolt_Sami-Giellagas,rel-pos,xlm-roberta-base,False,True,multi,29.28,8.23,8.06,0.0,0.0,48.43,nan,40.42,nan,nan,37.75
UD_Skolt_Sami-Giellagas,rel-pos,xlm-roberta-base,False,False,single,13.23,3.37,4.24,0.0,0.0,39.14,5.46,nan,nan,nan,nan
UD_Welsh-CCG,rel-pos,bert-base-multilingual-cased,True,True,single,52.32,29.36,17.61,0.67,0.0,66.33,40.54,nan,nan,nan,nan
UD_Welsh-CCG,rel-pos,bert-base-multilingual-cased,True,True,multi,52.58,29.5,17.05,0.53,0.0,66.44,nan,56.67,nan,nan,49.97
UD_Skolt_Sami-Giellagas,rel-pos,xlm-roberta-base,False,False,multi,6.75,3.1,2.76,0.0,0.0,38.56,nan,15.21,nan,nan,31.13
UD_Welsh-CCG,rel-pos,bert-base-multilingual-cased,True,False,single,60.14,42.45,28.77,1.22,0.0,78.36,50.72,nan,nan,nan,nan
UD_Welsh-CCG,rel-pos,xlm-roberta-base,True,True,single,48.23,27.04,16.63,0.74,0.0,63.89,38.85,nan,nan,nan,nan
UD_Welsh-CCG,rel-pos,xlm-roberta-base,True,True,multi,45.99,24.35,15.08,0.5,0.0,63.55,nan,54.14,nan,nan,48.29
UD_Welsh-CCG,rel-pos,bert-base-multilingual-cased,True,False,multi,62.26,43.25,28.22,1.09,0.0,78.42,nan,62.13,nan,nan,64.5
UD_Welsh-CCG,rel-pos,xlm-roberta-base,True,False,single,55.1,31.05,18.43,0.15,0.0,67.0,38.97,nan,nan,nan,nan
UD_Bulgarian-BTB,rel-pos,bert-base-multilingual-cased,True,True,single,32.5,23.79,14.92,0.23,0.0,71.1,46.89,nan,nan,nan,nan
UD_Bulgarian-BTB,rel-pos,bert-base-multilingual-cased,True,True,multi,30.41,21.75,11.75,0.2,0.0,71.11,nan,48.76,nan,nan,61.54
UD_Welsh-CCG,rel-pos,xlm-roberta-base,True,False,multi,56.18,32.13,19.74,0.25,0.0,67.33,nan,54.18,nan,nan,51.96
UD_Bulgarian-BTB,rel-pos,bert-base-multilingual-cased,True,False,single,74.46,67.58,60.52,0.91,0.0,96.27,71.73,nan,nan,nan,nan
UD_Bulgarian-BTB,rel-pos,xlm-roberta-base,True,True,single,32.82,24.21,15.54,0.21,0.0,70.62,46.89,nan,nan,nan,nan
UD_Bulgarian-BTB,rel-pos,bert-base-multilingual-cased,True,False,multi,72.63,64.05,56.66,0.73,0.0,96.33,nan,74.08,nan,nan,83.48
UD_Bulgarian-BTB,rel-pos,xlm-roberta-base,True,True,multi,30.24,21.6,11.72,0.16,0.0,70.71,nan,48.76,nan,nan,61.33
UD_Bulgarian-BTB,rel-pos,xlm-roberta-base,True,False,single,67.94,59.98,53.49,0.6,0.0,96.7,64.46,nan,nan,nan,nan
UD_Ancient_Greek-Perseus,rel-pos,bert-base-multilingual-cased,False,True,single,22.69,14.72,6.89,0.79,0.0,60.43,31.25,nan,nan,nan,nan
UD_Bulgarian-BTB,rel-pos,xlm-roberta-base,True,False,multi,69.63,59.06,53.0,0.48,0.0,96.7,nan,69.51,nan,nan,80.8
UD_Ancient_Greek-Perseus,rel-pos,bert-base-multilingual-cased,False,True,multi,22.32,13.62,6.46,0.6,0.0,60.41,nan,38.95,nan,nan,51.99
UD_Ancient_Greek-Perseus,rel-pos,bert-base-multilingual-cased,False,False,single,34.67,25.03,16.01,1.43,0.0,71.52,38.37,nan,nan,nan,nan
UD_Ancient_Greek-Perseus,rel-pos,xlm-roberta-base,False,True,single,26.22,17.52,8.4,1.11,0.0,63.25,31.77,nan,nan,nan,nan
UD_Ancient_Greek-Perseus,rel-pos,bert-base-multilingual-cased,False,False,multi,36.18,24.29,15.7,1.39,0.0,71.56,nan,46.58,nan,nan,61.61
UD_Ancient_Greek-Perseus,rel-pos,xlm-roberta-base,False,True,multi,25.9,16.25,7.94,0.96,0.0,63.29,nan,39.18,nan,nan,53.98
UD_Armenian-ArmTDP,rel-pos,bert-base-multilingual-cased,True,True,single,26.11,13.12,10.99,0.36,0.0,63.16,32.58,nan,nan,nan,nan
UD_Armenian-ArmTDP,rel-pos,bert-base-multilingual-cased,True,True,multi,23.79,10.82,7.58,0.34,0.0,63.11,nan,40.18,nan,nan,49.81
UD_Ancient_Greek-Perseus,rel-pos,xlm-roberta-base,False,False,single,38.6,28.39,19.42,2.17,0.0,78.34,39.29,nan,nan,nan,nan
UD_Armenian-ArmTDP,rel-pos,xlm-roberta-base,True,True,single,25.96,14.44,11.93,0.33,0.0,62.37,33.62,nan,nan,nan,nan
UD_Armenian-ArmTDP,rel-pos,xlm-roberta-base,True,True,multi,22.94,11.98,9.03,0.25,0.0,62.44,nan,40.56,nan,nan,51.26
UD_Armenian-ArmTDP,rel-pos,bert-base-multilingual-cased,True,False,single,51.41,40.5,32.31,2.79,0.0,86.21,49.91,nan,nan,nan,nan
UD_Ancient_Greek-Perseus,rel-pos,xlm-roberta-base,False,False,multi,41.37,28.46,20.23,2.21,0.0,78.34,nan,47.4,nan,nan,65.26
UD_Turkish-BOUN,rel-pos,bert-base-multilingual-cased,True,True,single,25.02,16.07,9.55,1.67,0.0,68.46,36.73,nan,nan,nan,nan
UD_Armenian-ArmTDP,rel-pos,bert-base-multilingual-cased,True,False,multi,51.92,38.97,31.71,2.95,0.0,86.35,nan,58.21,nan,nan,70.24
UD_Turkish-BOUN,rel-pos,bert-base-multilingual-cased,True,True,multi,30.04,17.35,10.75,1.58,0.0,68.18,nan,44.67,nan,nan,52.74
UD_Armenian-ArmTDP,rel-pos,xlm-roberta-base,True,False,single,45.78,35.42,27.4,1.19,0.0,78.99,43.9,nan,nan,nan,nan
UD_Turkish-BOUN,rel-pos,xlm-roberta-base,True,True,single,21.78,14.15,8.02,1.56,0.0,66.16,36.18,nan,nan,nan,nan
UD_Ligurian-GLT,rel-pos,bert-base-multilingual-cased,False,True,single,20.39,11.28,4.1,0.93,0.0,52.51,29.24,nan,nan,nan,nan
UD_Armenian-ArmTDP,rel-pos,xlm-roberta-base,True,False,multi,51.61,38.08,31.58,1.8,0.0,78.92,nan,51.87,nan,nan,67.7
UD_Turkish-BOUN,rel-pos,xlm-roberta-base,True,True,multi,27.95,15.67,9.84,1.59,0.0,66.03,nan,44.16,nan,nan,52.86
UD_Turkish-BOUN,rel-pos,bert-base-multilingual-cased,True,False,single,55.6,46.71,41.95,5.65,0.0,86.1,53.87,nan,nan,nan,nan
UD_Ligurian-GLT,rel-pos,bert-base-multilingual-cased,False,True,multi,19.87,10.65,4.79,1.13,0.0,53.47,nan,38.57,nan,nan,41.38
UD_Ligurian-GLT,rel-pos,xlm-roberta-base,False,True,single,19.29,9.45,4.43,0.27,0.0,49.96,26.47,nan,nan,nan,nan
UD_Turkish-BOUN,rel-pos,bert-base-multilingual-cased,True,False,multi,55.49,44.89,40.79,5.41,0.0,86.23,nan,58.51,nan,nan,74.73
UD_Vietnamese-VTB,rel-pos,bert-base-multilingual-cased,True,True,single,23.9,15.76,10.91,6.32,0.0,67.69,34.52,nan,nan,nan,nan
UD_Ligurian-GLT,rel-pos,xlm-roberta-base,False,True,multi,18.38,10.03,5.62,1.12,0.0,50.26,nan,34.17,nan,nan,42.04
UD_Turkish-BOUN,rel-pos,xlm-roberta-base,True,False,single,52.68,43.8,39.49,5.55,0.0,86.12,51.48,nan,nan,nan,nan
UD_Vietnamese-VTB,rel-pos,bert-base-multilingual-cased,True,True,multi,23.61,13.93,10.16,5.16,0.0,67.67,nan,40.67,nan,nan,50.23
UD_Vietnamese-VTB,rel-pos,xlm-roberta-base,True,True,single,23.32,14.06,9.91,5.51,0.0,66.28,33.94,nan,nan,nan,nan
UD_Ligurian-GLT,rel-pos,bert-base-multilingual-cased,False,False,single,31.0,21.02,10.33,1.39,0.0,68.95,34.39,nan,nan,nan,nan
UD_Turkish-BOUN,rel-pos,xlm-roberta-base,True,False,multi,56.26,45.56,42.59,5.56,0.0,86.07,nan,57.01,nan,nan,74.4
UD_Vietnamese-VTB,rel-pos,xlm-roberta-base,True,True,multi,23.89,13.87,10.01,4.84,0.0,66.12,nan,41.39,nan,nan,49.4
UD_Basque-BDT,rel-pos,bert-base-multilingual-cased,True,True,single,26.45,18.66,13.83,1.22,0.0,66.97,39.15,nan,nan,nan,nan
UD_Ligurian-GLT,rel-pos,bert-base-multilingual-cased,False,False,multi,36.47,24.38,11.93,1.64,0.0,70.27,nan,47.49,nan,nan,53.74
UD_Ligurian-GLT,rel-pos,xlm-roberta-base,False,False,single,4.51,2.02,1.75,0.0,0.0,35.75,7.12,nan,nan,nan,nan
UD_Basque-BDT,rel-pos,bert-base-multilingual-cased,True,True,multi,26.45,16.71,12.39,0.8,0.0,66.94,nan,46.68,nan,nan,55.79
UD_Vietnamese-VTB,rel-pos,bert-base-multilingual-cased,True,False,single,48.86,37.21,34.07,23.41,0.0,84.36,47.57,nan,nan,nan,nan
UD_Basque-BDT,rel-pos,xlm-roberta-base,True,True,single,24.76,17.64,13.31,1.15,0.01,65.57,38.51,nan,nan,nan,nan
UD_Ligurian-GLT,rel-pos,xlm-roberta-base,False,False,multi,24.57,3.17,0.83,0.0,0.0,39.05,nan,25.59,nan,nan,12.01
UD_Bhojpuri-BHTB,rel-pos,bert-base-multilingual-cased,False,True,single,25.19,16.56,7.31,0.15,0.0,53.44,27.92,nan,nan,nan,nan
UD_Basque-BDT,rel-pos,xlm-roberta-base,True,True,multi,25.06,16.15,12.12,0.95,0.01,65.56,nan,45.3,nan,nan,55.34
UD_Vietnamese-VTB,rel-pos,bert-base-multilingual-cased,True,False,multi,48.55,34.66,31.37,21.59,0.0,84.51,nan,55.26,nan,nan,64.94
UD_Bhojpuri-BHTB,rel-pos,bert-base-multilingual-cased,False,True,multi,16.67,12.3,5.62,0.07,0.0,53.06,nan,40.25,nan,nan,47.32
UD_Bhojpuri-BHTB,rel-pos,xlm-roberta-base,False,True,single,22.9,16.35,6.98,0.15,0.0,48.42,28.49,nan,nan,nan,nan
UD_Vietnamese-VTB,rel-pos,xlm-roberta-base,True,False,single,35.01,25.69,23.01,14.73,0.0,75.04,38.68,nan,nan,nan,nan
UD_Kiche-IU,rel-pos,bert-base-multilingual-cased,False,True,single,49.44,36.32,21.67,4.41,0.0,73.54,56.92,nan,nan,nan,nan
UD_Bhojpuri-BHTB,rel-pos,xlm-roberta-base,False,True,multi,17.41,11.98,5.21,0.14,0.0,51.2,nan,39.1,nan,nan,45.22
UD_Vietnamese-VTB,rel-pos,xlm-roberta-base,True,False,multi,39.38,27.48,25.58,16.34,0.0,74.64,nan,49.15,nan,nan,59.43
UD_Basque-BDT,rel-pos,bert-base-multilingual-cased,True,False,single,58.66,49.91,46.31,7.41,0.0,88.85,59.02,nan,nan,nan,nan
UD_Kiche-IU,rel-pos,bert-base-multilingual-cased,False,True,multi,49.64,36.94,23.54,4.79,0.0,74.06,nan,64.84,nan,nan,67.42
UD_Kiche-IU,rel-pos,xlm-roberta-base,False,True,single,47.51,34.23,20.63,4.08,0.0,73.77,54.93,nan,nan,nan,nan
UD_Kiche-IU,rel-pos,xlm-roberta-base,False,True,multi,47.12,34.75,22.85,4.16,0.0,73.49,nan,63.82,nan,nan,65.25
UD_Basque-BDT,rel-pos,bert-base-multilingual-cased,True,False,multi,57.09,46.28,43.18,6.66,0.01,88.95,nan,63.47,nan,nan,76.3
UD_Basque-BDT,rel-pos,xlm-roberta-base,True,False,single,53.82,44.48,40.68,6.22,0.0,85.85,52.93,nan,nan,nan,nan
UD_Bhojpuri-BHTB,rel-pos,bert-base-multilingual-cased,False,False,single,27.37,19.28,9.09,0.16,0.0,55.74,29.45,nan,nan,nan,nan
UD_Basque-BDT,rel-pos,xlm-roberta-base,True,False,multi,54.78,43.29,40.7,5.53,0.01,85.74,nan,59.35,nan,nan,73.16
UD_Bhojpuri-BHTB,rel-pos,bert-base-multilingual-cased,False,False,multi,31.9,20.66,10.6,0.45,0.0,58.41,nan,44.74,nan,nan,51.29
UD_Bhojpuri-BHTB,rel-pos,xlm-roberta-base,False,False,single,26.46,6.76,1.73,0.0,0.0,42.73,14.44,nan,nan,nan,nan
UD_Kiche-IU,rel-pos,bert-base-multilingual-cased,False,False,single,50.98,37.14,23.85,5.41,0.0,78.12,57.05,nan,nan,nan,nan
UD_Bhojpuri-BHTB,rel-pos,xlm-roberta-base,False,False,multi,31.79,4.85,3.73,0.12,0.0,41.25,nan,26.91,nan,nan,27.87
UD_Kiche-IU,rel-pos,bert-base-multilingual-cased,False,False,multi,54.78,39.79,27.39,5.73,0.0,77.78,nan,64.45,nan,nan,68.77
UD_Kiche-IU,rel-pos,xlm-roberta-base,False,False,single,44.96,27.36,14.03,0.83,0.0,64.73,47.73,nan,nan,nan,nan
UD_Kiche-IU,rel-pos,xlm-roberta-base,False,False,multi,45.68,27.75,15.18,0.97,0.0,64.94,nan,58.3,nan,nan,56.54
UD_Guajajara-TuDeT,2-planar-brackets-greedy,bert-base-multilingual-cased,False,True,single,47.56,26.39,22.45,2.01,0.0,65.23,46.41,nan,nan,nan,nan
UD_Guajajara-TuDeT,2-planar-brackets-greedy,bert-base-multilingual-cased,False,True,multi,47.56,34.29,29.25,4.01,0.0,64.44,nan,nan,62.88,96.99,63.4
UD_Guajajara-TuDeT,2-planar-brackets-greedy,bert-base-multilingual-cased,False,False,single,48.24,29.41,20.8,0.24,0.0,64.58,48.1,nan,nan,nan,nan
UD_Guajajara-TuDeT,2-planar-brackets-greedy,bert-base-multilingual-cased,False,False,multi,45.55,27.9,23.32,2.16,0.0,67.32,nan,nan,60.65,96.86,60.92
UD_Guajajara-TuDeT,relative,bert-base-multilingual-cased,False,True,single,46.05,24.71,18.06,0.0,0.0,63.66,40.52,nan,nan,nan,nan
UD_Guajajara-TuDeT,relative,bert-base-multilingual-cased,False,True,multi,43.36,24.71,20.53,1.93,0.0,64.71,nan,54.51,nan,nan,61.7
UD_Guajajara-TuDeT,relative,bert-base-multilingual-cased,False,False,single,43.53,23.7,19.64,0.0,0.0,64.84,39.87,nan,nan,nan,nan
UD_Guajajara-TuDeT,relative,bert-base-multilingual-cased,False,False,multi,44.37,25.88,19.14,2.39,0.0,65.88,nan,54.9,nan,nan,61.31
UD_Guajajara-TuDeT,absolute,bert-base-multilingual-cased,False,True,single,42.69,17.65,15.58,1.65,0.0,64.58,39.74,nan,nan,nan,nan
UD_Guajajara-TuDeT,absolute,bert-base-multilingual-cased,False,True,multi,42.69,26.72,26.57,1.93,0.0,64.84,nan,54.38,nan,nan,61.18
UD_Guajajara-TuDeT,absolute,bert-base-multilingual-cased,False,False,single,42.69,15.8,11.67,0.44,0.0,64.18,39.08,nan,nan,nan,nan
UD_Guajajara-TuDeT,absolute,bert-base-multilingual-cased,False,False,multi,42.69,23.7,21.72,0.94,0.0,63.4,nan,52.42,nan,nan,61.31
UD_Guajajara-TuDeT,2-planar-brackets-greedy,xlm-roberta-base,False,True,single,48.74,27.9,25.19,1.5,0.0,64.44,48.1,nan,nan,nan,nan
UD_Guajajara-TuDeT,2-planar-brackets-greedy,xlm-roberta-base,False,True,multi,47.23,31.76,27.75,4.0,0.0,64.97,nan,nan,62.09,90.59,61.44
UD_Guajajara-TuDeT,2-planar-brackets-greedy,xlm-roberta-base,False,False,single,39.66,10.76,0.0,0.0,0.0,44.58,18.95,nan,nan,nan,nan
UD_Guajajara-TuDeT,2-planar-brackets-greedy,xlm-roberta-base,False,False,multi,43.87,17.31,12.84,0.45,0.0,60.52,nan,nan,37.65,74.9,41.57
UD_Guajajara-TuDeT,relative,xlm-roberta-base,False,True,single,42.86,20.17,14.18,0.26,0.0,63.14,37.65,nan,nan,nan,nan
UD_Guajajara-TuDeT,relative,xlm-roberta-base,False,True,multi,41.18,20.84,17.49,1.97,0.0,65.1,nan,53.59,nan,nan,60.26
UD_Guajajara-TuDeT,absolute,xlm-roberta-base,False,True,single,42.69,17.65,15.26,0.79,0.0,63.53,39.61,nan,nan,nan,nan
UD_Guajajara-TuDeT,relative,xlm-roberta-base,False,False,single,29.58,6.72,5.21,0.0,0.0,41.05,15.82,nan,nan,nan,nan
UD_Guajajara-TuDeT,relative,xlm-roberta-base,False,False,multi,41.68,16.81,12.4,0.23,0.0,48.5,nan,41.83,nan,nan,46.01
UD_Guajajara-TuDeT,absolute,xlm-roberta-base,False,True,multi,42.69,25.55,25.65,2.74,0.0,66.54,nan,53.73,nan,nan,58.69
UD_Skolt_Sami-Giellagas,2-planar-brackets-greedy,bert-base-multilingual-cased,False,True,single,14.71,5.4,6.73,0.0,0.0,45.76,28.92,nan,nan,nan,nan
UD_Skolt_Sami-Giellagas,2-planar-brackets-greedy,bert-base-multilingual-cased,False,True,multi,8.77,4.86,6.97,0.0,0.0,48.78,nan,nan,50.87,92.68,38.91
UD_Skolt_Sami-Giellagas,relative,bert-base-multilingual-cased,False,True,single,13.23,5.53,3.58,0.0,0.0,48.08,18.12,nan,nan,nan,nan
UD_Skolt_Sami-Giellagas,relative,bert-base-multilingual-cased,False,True,multi,25.64,5.8,3.33,0.0,0.0,49.01,nan,35.66,nan,nan,39.84
UD_Guajajara-TuDeT,absolute,xlm-roberta-base,False,False,single,38.82,14.45,15.87,1.02,0.0,33.07,16.34,nan,nan,nan,nan
UD_Skolt_Sami-Giellagas,absolute,bert-base-multilingual-cased,False,True,single,6.48,2.56,3.09,0.0,0.0,49.36,21.37,nan,nan,nan,nan
UD_Guajajara-TuDeT,absolute,xlm-roberta-base,False,False,multi,41.01,16.47,13.08,0.26,0.0,53.07,nan,34.38,nan,nan,40.65
UD_Skolt_Sami-Giellagas,absolute,bert-base-multilingual-cased,False,True,multi,11.2,4.72,6.27,0.0,0.0,46.46,nan,24.51,nan,nan,37.28
UD_Skolt_Sami-Giellagas,2-planar-brackets-greedy,bert-base-multilingual-cased,False,False,single,21.19,7.56,4.06,0.0,0.0,51.45,27.06,nan,nan,nan,nan
UD_Skolt_Sami-Giellagas,2-planar-brackets-greedy,bert-base-multilingual-cased,False,False,multi,6.21,3.51,2.56,0.0,0.0,52.15,nan,nan,49.48,95.35,44.37
UD_Skolt_Sami-Giellagas,2-planar-brackets-greedy,xlm-roberta-base,False,True,single,5.67,2.7,3.69,0.0,0.0,49.01,26.25,nan,nan,nan,nan
UD_Skolt_Sami-Giellagas,relative,bert-base-multilingual-cased,False,False,single,25.64,8.1,6.49,0.0,0.0,51.34,14.63,nan,nan,nan,nan
UD_Skolt_Sami-Giellagas,relative,bert-base-multilingual-cased,False,False,multi,27.26,6.88,5.33,0.0,0.0,53.54,nan,32.98,nan,nan,44.95
UD_Skolt_Sami-Giellagas,2-planar-brackets-greedy,xlm-roberta-base,False,True,multi,5.4,2.43,3.32,0.0,0.0,48.2,nan,nan,48.66,85.48,37.4
UD_Skolt_Sami-Giellagas,relative,xlm-roberta-base,False,True,single,11.74,4.72,3.22,0.0,0.0,46.57,16.38,nan,nan,nan,nan
UD_Skolt_Sami-Giellagas,absolute,bert-base-multilingual-cased,False,False,single,6.07,2.56,2.22,0.0,0.0,51.22,22.18,nan,nan,nan,nan
UD_Skolt_Sami-Giellagas,absolute,bert-base-multilingual-cased,False,False,multi,7.02,3.91,3.81,0.0,0.0,53.66,nan,18.35,nan,nan,44.83
UD_Skolt_Sami-Giellagas,relative,xlm-roberta-base,False,True,multi,25.64,4.45,4.17,0.0,0.0,50.06,nan,35.31,nan,nan,38.1
UD_Skolt_Sami-Giellagas,absolute,xlm-roberta-base,False,True,single,9.04,2.83,3.75,0.0,0.0,46.23,19.63,nan,nan,nan,nan
UD_Skolt_Sami-Giellagas,2-planar-brackets-greedy,xlm-roberta-base,False,False,single,5.26,1.62,2.09,0.0,0.0,30.2,4.99,nan,nan,nan,nan
UD_Welsh-CCG,2-planar-brackets-greedy,bert-base-multilingual-cased,True,True,single,37.4,22.35,10.26,0.51,0.0,66.57,33.59,nan,nan,nan,nan
UD_Skolt_Sami-Giellagas,2-planar-brackets-greedy,xlm-roberta-base,False,False,multi,16.87,2.7,2.48,0.0,0.0,43.55,nan,nan,19.28,85.48,18.82
UD_Skolt_Sami-Giellagas,absolute,xlm-roberta-base,False,True,multi,6.75,3.37,4.35,0.0,0.0,46.11,nan,21.84,nan,nan,37.4
UD_Welsh-CCG,relative,bert-base-multilingual-cased,True,True,single,32.36,20.84,15.74,0.91,0.0,66.6,33.84,nan,nan,nan,nan
UD_Skolt_Sami-Giellagas,relative,xlm-roberta-base,False,False,single,12.69,5.26,3.29,0.0,0.0,37.4,7.67,nan,nan,nan,nan
UD_Welsh-CCG,2-planar-brackets-greedy,bert-base-multilingual-cased,True,True,multi,38.22,24.58,10.88,0.73,0.0,66.59,nan,nan,49.99,99.72,50.29
UD_Welsh-CCG,absolute,bert-base-multilingual-cased,True,True,single,11.92,6.08,6.56,0.58,0.0,66.05,19.67,nan,nan,nan,nan
UD_Skolt_Sami-Giellagas,relative,xlm-roberta-base,False,False,multi,5.26,1.35,1.7,0.0,0.0,38.91,nan,13.36,nan,nan,17.31
UD_Welsh-CCG,relative,bert-base-multilingual-cased,True,True,multi,31.63,18.23,12.14,0.61,0.0,66.42,nan,45.92,nan,nan,50.21
UD_Skolt_Sami-Giellagas,absolute,xlm-roberta-base,False,False,single,5.26,3.51,4.57,0.0,0.0,35.42,2.56,nan,nan,nan,nan
UD_Welsh-CCG,2-planar-brackets-greedy,xlm-roberta-base,True,True,single,34.6,20.09,10.48,0.67,0.0,64.0,32.93,nan,nan,nan,nan
UD_Welsh-CCG,absolute,bert-base-multilingual-cased,True,True,multi,12.29,7.42,9.05,0.79,0.0,66.42,nan,23.73,nan,nan,49.1
UD_Skolt_Sami-Giellagas,absolute,xlm-roberta-base,False,False,multi,8.91,2.16,3.08,0.0,0.0,19.05,nan,11.27,nan,nan,16.14
UD_Welsh-CCG,2-planar-brackets-greedy,bert-base-multilingual-cased,True,False,single,44.58,31.9,17.25,0.73,0.0,78.25,42.58,nan,nan,nan,nan
UD_Welsh-CCG,relative,xlm-roberta-base,True,True,single,31.93,19.45,13.48,0.91,0.0,64.15,32.16,nan,nan,nan,nan
UD_Welsh-CCG,2-planar-brackets-greedy,bert-base-multilingual-cased,True,False,multi,45.11,33.44,18.13,0.94,0.0,78.66,nan,nan,55.16,99.8,64.75
UD_Welsh-CCG,relative,bert-base-multilingual-cased,True,False,single,42.12,29.74,23.76,1.2,0.0,78.19,44.36,nan,nan,nan,nan
UD_Welsh-CCG,2-planar-brackets-greedy,xlm-roberta-base,True,True,multi,36.78,23.02,9.99,0.73,0.0,64.3,nan,nan,48.85,99.7,48.36
UD_Welsh-CCG,relative,bert-base-multilingual-cased,True,False,multi,45.65,30.12,22.93,1.29,0.0,78.65,nan,58.02,nan,nan,64.8
UD_Welsh-CCG,absolute,bert-base-multilingual-cased,True,False,single,10.58,5.15,4.95,0.27,0.0,77.86,18.62,nan,nan,nan,nan
UD_Welsh-CCG,absolute,xlm-roberta-base,True,True,single,12.49,6.2,7.56,0.75,0.0,63.85,19.13,nan,nan,nan,nan
UD_Welsh-CCG,relative,xlm-roberta-base,True,True,multi,31.31,16.71,10.26,0.5,0.0,63.62,nan,44.08,nan,nan,48.66
UD_Welsh-CCG,absolute,bert-base-multilingual-cased,True,False,multi,13.7,9.31,11.28,0.49,0.0,78.19,nan,22.35,nan,nan,64.03
UD_Welsh-CCG,2-planar-brackets-greedy,xlm-roberta-base,True,False,single,36.29,22.57,8.85,0.04,0.0,66.89,31.43,nan,nan,nan,nan
UD_Bulgarian-BTB,2-planar-brackets-greedy,bert-base-multilingual-cased,True,True,single,32.73,22.72,16.99,0.21,0.0,71.09,42.64,nan,nan,nan,nan
UD_Welsh-CCG,absolute,xlm-roberta-base,True,True,multi,12.29,7.12,8.97,0.64,0.0,63.46,nan,23.68,nan,nan,48.23
UD_Welsh-CCG,2-planar-brackets-greedy,xlm-roberta-base,True,False,multi,40.5,26.97,11.35,0.3,0.0,67.72,nan,nan,47.43,92.6,53.2
UD_Welsh-CCG,relative,xlm-roberta-base,True,False,single,41.21,23.79,14.01,0.14,0.0,67.0,32.23,nan,nan,nan,nan
UD_Bulgarian-BTB,relative,bert-base-multilingual-cased,True,True,single,32.96,26.85,19.24,0.3,0.0,71.07,37.15,nan,nan,nan,nan
UD_Bulgarian-BTB,2-planar-brackets-greedy,bert-base-multilingual-cased,True,True,multi,34.87,23.42,16.09,0.18,0.0,71.1,nan,nan,50.33,99.6,61.63
UD_Welsh-CCG,relative,xlm-roberta-base,True,False,multi,31.32,15.09,14.14,0.29,0.0,67.5,nan,49.63,nan,nan,53.0
UD_Welsh-CCG,absolute,xlm-roberta-base,True,False,single,11.04,4.82,4.03,0.17,0.0,66.39,17.41,nan,nan,nan,nan
UD_Bulgarian-BTB,absolute,bert-base-multilingual-cased,True,True,single,10.81,6.3,4.75,0.16,0.0,71.01,25.32,nan,nan,nan,nan
UD_Welsh-CCG,absolute,xlm-roberta-base,True,False,multi,14.61,8.44,10.59,0.22,0.0,66.45,nan,22.12,nan,nan,53.19
UD_Bulgarian-BTB,relative,bert-base-multilingual-cased,True,True,multi,33.53,23.4,13.78,0.28,0.0,71.06,nan,41.4,nan,nan,61.44
UD_Bulgarian-BTB,2-planar-brackets-greedy,bert-base-multilingual-cased,True,False,single,66.13,57.41,51.49,0.56,0.0,96.29,63.17,nan,nan,nan,nan
UD_Bulgarian-BTB,2-planar-brackets-greedy,xlm-roberta-base,True,True,single,33.9,23.49,17.68,0.19,0.0,70.63,42.73,nan,nan,nan,nan
UD_Bulgarian-BTB,absolute,bert-base-multilingual-cased,True,True,multi,14.33,9.15,8.09,0.17,0.0,71.11,nan,26.31,nan,nan,61.51
UD_Bulgarian-BTB,2-planar-brackets-greedy,bert-base-multilingual-cased,True,False,multi,63.81,55.9,50.11,0.46,0.0,96.28,nan,nan,65.92,99.69,83.45
UD_Bulgarian-BTB,relative,bert-base-multilingual-cased,True,False,single,54.35,48.59,45.23,0.67,0.0,96.29,55.89,nan,nan,nan,nan
UD_Bulgarian-BTB,relative,xlm-roberta-base,True,True,single,32.84,26.75,18.51,0.29,0.0,70.67,37.36,nan,nan,nan,nan
UD_Bulgarian-BTB,relative,bert-base-multilingual-cased,True,False,multi,49.92,43.59,39.86,0.32,0.0,96.27,nan,55.96,nan,nan,83.5
UD_Bulgarian-BTB,2-planar-brackets-greedy,xlm-roberta-base,True,True,multi,32.67,21.64,15.08,0.13,0.0,70.76,nan,nan,49.39,99.67,61.32
UD_Bulgarian-BTB,absolute,bert-base-multilingual-cased,True,False,single,23.68,16.97,17.2,0.23,0.0,96.28,29.36,nan,nan,nan,nan
UD_Bulgarian-BTB,absolute,xlm-roberta-base,True,True,single,11.58,6.7,5.07,0.13,0.0,70.71,25.6,nan,nan,nan,nan
UD_Bulgarian-BTB,absolute,bert-base-multilingual-cased,True,False,multi,28.75,23.08,25.54,0.29,0.0,96.31,nan,29.86,nan,nan,83.5
UD_Bulgarian-BTB,relative,xlm-roberta-base,True,True,multi,33.02,23.05,13.11,0.19,0.0,70.72,nan,41.07,nan,nan,61.35
UD_Bulgarian-BTB,2-planar-brackets-greedy,xlm-roberta-base,True,False,single,59.41,48.77,42.34,0.38,0.0,96.7,54.22,nan,nan,nan,nan
UD_Ancient_Greek-Perseus,2-planar-brackets-greedy,bert-base-multilingual-cased,False,True,single,10.01,5.74,4.76,0.27,0.0,60.44,28.9,nan,nan,nan,nan
UD_Bulgarian-BTB,2-planar-brackets-greedy,xlm-roberta-base,True,False,multi,58.38,49.58,45.29,0.31,0.0,96.69,nan,nan,60.23,99.67,80.89
UD_Bulgarian-BTB,absolute,xlm-roberta-base,True,True,multi,14.98,9.18,7.86,0.14,0.0,70.54,nan,26.64,nan,nan,61.24
UD_Bulgarian-BTB,relative,xlm-roberta-base,True,False,single,45.98,39.35,36.03,0.44,0.0,96.75,47.61,nan,nan,nan,nan
UD_Ancient_Greek-Perseus,relative,bert-base-multilingual-cased,False,True,single,24.32,16.04,7.18,0.59,0.0,60.46,27.11,nan,nan,nan,nan
UD_Bulgarian-BTB,relative,xlm-roberta-base,True,False,multi,46.7,39.25,36.59,0.34,0.0,96.7,nan,50.16,nan,nan,80.88
UD_Ancient_Greek-Perseus,2-planar-brackets-greedy,bert-base-multilingual-cased,False,True,multi,12.55,7.06,5.47,0.34,0.0,60.39,nan,nan,38.97,88.73,52.05
UD_Bulgarian-BTB,absolute,xlm-roberta-base,True,False,single,13.11,8.13,6.99,0.16,0.0,96.65,25.52,nan,nan,nan,nan
UD_Ancient_Greek-Perseus,absolute,bert-base-multilingual-cased,False,True,single,10.19,4.8,3.07,0.32,0.0,60.43,20.58,nan,nan,nan,nan
UD_Bulgarian-BTB,absolute,xlm-roberta-base,True,False,multi,29.27,22.09,23.73,0.28,0.0,96.68,nan,28.97,nan,nan,80.76
UD_Ancient_Greek-Perseus,2-planar-brackets-greedy,bert-base-multilingual-cased,False,False,single,27.54,18.11,12.63,1.14,0.0,71.52,34.51,nan,nan,nan,nan
UD_Ancient_Greek-Perseus,relative,bert-base-multilingual-cased,False,True,multi,26.81,16.71,7.62,0.65,0.0,60.44,nan,35.41,nan,nan,51.86
UD_Ancient_Greek-Perseus,2-planar-brackets-greedy,xlm-roberta-base,False,True,single,13.43,7.46,6.0,0.55,0.0,63.37,29.29,nan,nan,nan,nan
UD_Ancient_Greek-Perseus,2-planar-brackets-greedy,bert-base-multilingual-cased,False,False,multi,32.08,20.77,15.81,1.54,0.0,71.66,nan,nan,42.58,88.73,61.55
UD_Ancient_Greek-Perseus,relative,bert-base-multilingual-cased,False,False,single,29.0,21.09,12.13,1.02,0.0,71.54,31.78,nan,nan,nan,nan
UD_Ancient_Greek-Perseus,absolute,bert-base-multilingual-cased,False,True,multi,10.67,5.89,5.0,0.31,0.0,60.37,nan,21.96,nan,nan,52.06
UD_Ancient_Greek-Perseus,relative,xlm-roberta-base,False,True,single,25.09,16.71,7.98,0.91,0.0,63.31,28.05,nan,nan,nan,nan
UD_Ancient_Greek-Perseus,relative,bert-base-multilingual-cased,False,False,multi,30.53,20.78,12.24,1.07,0.0,71.52,nan,39.04,nan,nan,61.5
UD_Ancient_Greek-Perseus,absolute,bert-base-multilingual-cased,False,False,single,13.31,7.09,5.86,0.68,0.0,71.51,21.24,nan,nan,nan,nan
UD_Ancient_Greek-Perseus,2-planar-brackets-greedy,xlm-roberta-base,False,True,multi,15.87,8.9,6.89,0.66,0.0,63.18,nan,nan,38.63,88.42,53.99
UD_Ancient_Greek-Perseus,absolute,bert-base-multilingual-cased,False,False,multi,19.71,12.04,12.25,1.3,0.0,71.72,nan,24.19,nan,nan,61.64
UD_Ancient_Greek-Perseus,absolute,xlm-roberta-base,False,True,single,11.2,5.34,3.72,0.57,0.0,63.25,22.1,nan,nan,nan,nan
UD_Armenian-ArmTDP,2-planar-brackets-greedy,bert-base-multilingual-cased,True,True,single,21.74,11.96,6.44,0.36,0.0,62.98,32.77,nan,nan,nan,nan
UD_Ancient_Greek-Perseus,2-planar-brackets-greedy,xlm-roberta-base,False,False,single,25.06,16.52,13.14,1.44,0.0,78.42,32.9,nan,nan,nan,nan
UD_Ancient_Greek-Perseus,relative,xlm-roberta-base,False,True,multi,26.95,17.5,8.4,0.8,0.0,63.22,nan,35.14,nan,nan,53.97
UD_Armenian-ArmTDP,relative,bert-base-multilingual-cased,True,True,single,33.53,18.89,12.24,0.46,0.0,63.16,27.35,nan,nan,nan,nan
UD_Armenian-ArmTDP,absolute,bert-base-multilingual-cased,True,True,single,6.06,2.54,1.76,0.06,0.0,63.3,16.81,nan,nan,nan,nan
UD_Ancient_Greek-Perseus,2-planar-brackets-greedy,xlm-roberta-base,False,False,multi,33.44,22.72,19.33,2.03,0.0,78.43,nan,nan,41.3,88.74,65.27
UD_Armenian-ArmTDP,2-planar-brackets-greedy,xlm-roberta-base,True,True,single,23.67,13.78,8.85,0.35,0.0,62.34,33.34,nan,nan,nan,nan
UD_Ancient_Greek-Perseus,relative,xlm-roberta-base,False,False,single,29.24,21.44,12.3,1.38,0.0,78.46,30.62,nan,nan,nan,nan
UD_Ancient_Greek-Perseus,absolute,xlm-roberta-base,False,True,multi,12.83,6.98,6.12,0.57,0.0,63.1,nan,24.44,nan,nan,54.03
UD_Armenian-ArmTDP,relative,xlm-roberta-base,True,True,single,32.89,19.32,13.8,0.31,0.0,62.76,27.63,nan,nan,nan,nan
UD_Ancient_Greek-Perseus,relative,xlm-roberta-base,False,False,multi,31.64,23.16,14.49,1.46,0.0,78.51,nan,37.46,nan,nan,65.21
UD_Armenian-ArmTDP,2-planar-brackets-greedy,bert-base-multilingual-cased,True,True,multi,14.54,8.52,5.36,0.4,0.0,63.25,nan,nan,45.82,99.14,49.46
UD_Armenian-ArmTDP,absolute,xlm-roberta-base,True,True,single,7.05,2.88,2.29,0.06,0.0,62.67,17.14,nan,nan,nan,nan
UD_Ancient_Greek-Perseus,absolute,xlm-roberta-base,False,False,single,11.82,5.62,4.17,0.66,0.0,78.43,20.75,nan,nan,nan,nan
UD_Armenian-ArmTDP,relative,bert-base-multilingual-cased,True,True,multi,33.74,15.18,8.56,0.43,0.0,63.05,nan,41.02,nan,nan,49.9
UD_Turkish-BOUN,2-planar-brackets-greedy,bert-base-multilingual-cased,True,True,single,35.28,20.09,12.74,1.39,0.0,68.36,36.5,nan,nan,nan,nan
UD_Armenian-ArmTDP,2-planar-brackets-greedy,bert-base-multilingual-cased,True,False,single,46.48,32.98,26.34,2.48,0.0,86.12,45.63,nan,nan,nan,nan
UD_Armenian-ArmTDP,absolute,bert-base-multilingual-cased,True,True,multi,9.21,5.01,3.87,0.06,0.0,62.98,nan,19.99,nan,nan,49.97
UD_Ancient_Greek-Perseus,absolute,xlm-roberta-base,False,False,multi,23.69,14.95,15.93,1.82,0.0,78.31,nan,23.98,nan,nan,65.22
UD_Turkish-BOUN,relative,bert-base-multilingual-cased,True,True,single,41.5,25.07,15.48,2.72,0.0,68.48,35.74,nan,nan,nan,nan
UD_Armenian-ArmTDP,relative,bert-base-multilingual-cased,True,False,single,42.28,32.69,26.15,2.73,0.0,85.95,39.44,nan,nan,nan,nan
UD_Armenian-ArmTDP,2-planar-brackets-greedy,bert-base-multilingual-cased,True,False,multi,43.75,32.19,27.63,2.58,0.0,86.19,nan,nan,55.61,99.46,70.38
UD_Armenian-ArmTDP,2-planar-brackets-greedy,xlm-roberta-base,True,True,multi,12.93,7.53,5.18,0.35,0.0,62.55,nan,nan,45.72,99.46,51.08
UD_Turkish-BOUN,absolute,bert-base-multilingual-cased,True,True,single,7.59,3.65,2.72,0.38,0.0,68.41,25.82,nan,nan,nan,nan
UD_Armenian-ArmTDP,absolute,bert-base-multilingual-cased,True,False,single,6.99,3.99,2.38,0.18,0.0,86.32,17.56,nan,nan,nan,nan
UD_Armenian-ArmTDP,relative,bert-base-multilingual-cased,True,False,multi,41.46,30.91,25.25,3.01,0.0,86.37,nan,45.91,nan,nan,70.39
UD_Armenian-ArmTDP,relative,xlm-roberta-base,True,True,multi,33.86,16.05,10.58,0.37,0.0,62.58,nan,40.04,nan,nan,50.73
UD_Armenian-ArmTDP,absolute,bert-base-multilingual-cased,True,False,multi,18.54,13.55,12.1,0.5,0.0,86.35,nan,20.99,nan,nan,70.36
UD_Turkish-BOUN,2-planar-brackets-greedy,xlm-roberta-base,True,True,single,35.94,19.92,12.32,1.49,0.0,66.04,37.22,nan,nan,nan,nan
UD_Armenian-ArmTDP,2-planar-brackets-greedy,xlm-roberta-base,True,False,single,29.54,20.75,16.25,1.19,0.0,78.85,38.36,nan,nan,nan,nan
UD_Armenian-ArmTDP,absolute,xlm-roberta-base,True,True,multi,8.98,5.38,4.23,0.03,0.0,62.43,nan,19.68,nan,nan,50.93
UD_Armenian-ArmTDP,2-planar-brackets-greedy,xlm-roberta-base,True,False,multi,25.9,18.51,18.13,0.44,0.0,79.26,nan,nan,45.79,99.46,67.44
UD_Turkish-BOUN,relative,xlm-roberta-base,True,True,single,40.58,24.85,15.33,2.58,0.0,65.96,35.7,nan,nan,nan,nan
UD_Turkish-BOUN,2-planar-brackets-greedy,bert-base-multilingual-cased,True,True,multi,33.58,18.54,10.8,1.66,0.0,68.38,nan,nan,49.65,99.59,52.68
UD_Armenian-ArmTDP,relative,xlm-roberta-base,True,False,single,35.58,24.56,16.73,1.17,0.0,78.78,32.7,nan,nan,nan,nan
UD_Armenian-ArmTDP,relative,xlm-roberta-base,True,False,multi,42.86,26.73,24.65,1.51,0.0,78.89,nan,41.12,nan,nan,67.58
UD_Turkish-BOUN,absolute,xlm-roberta-base,True,True,single,7.0,3.36,2.4,0.34,0.0,66.08,25.89,nan,nan,nan,nan
UD_Turkish-BOUN,relative,bert-base-multilingual-cased,True,True,multi,40.21,22.7,12.96,2.64,0.0,68.04,nan,50.39,nan,nan,52.95
UD_Ligurian-GLT,2-planar-brackets-greedy,bert-base-multilingual-cased,False,True,single,2.88,1.01,1.5,0.0,0.0,51.58,27.4,nan,nan,nan,nan
UD_Armenian-ArmTDP,absolute,xlm-roberta-base,True,False,single,5.59,1.94,1.47,0.0,0.0,78.98,15.78,nan,nan,nan,nan
UD_Ligurian-GLT,relative,bert-base-multilingual-cased,False,True,single,27.06,15.45,0.6,0.0,0.0,52.77,22.3,nan,nan,nan,nan
UD_Armenian-ArmTDP,absolute,xlm-roberta-base,True,False,multi,20.77,14.92,13.42,0.06,0.0,78.66,nan,19.57,nan,nan,67.2
UD_Turkish-BOUN,absolute,bert-base-multilingual-cased,True,True,multi,11.93,6.29,4.53,0.35,0.0,68.28,nan,31.0,nan,nan,52.79
UD_Ligurian-GLT,absolute,bert-base-multilingual-cased,False,True,single,3.26,0.96,1.01,0.0,0.0,51.06,12.23,nan,nan,nan,nan
UD_Turkish-BOUN,2-planar-brackets-greedy,bert-base-multilingual-cased,True,False,single,54.89,43.24,38.85,4.66,0.0,86.09,52.37,nan,nan,nan,nan
UD_Turkish-BOUN,2-planar-brackets-greedy,bert-base-multilingual-cased,True,False,multi,54.59,43.19,39.08,4.49,0.0,86.1,nan,nan,60.51,99.67,74.77
UD_Ligurian-GLT,2-planar-brackets-greedy,xlm-roberta-base,False,True,single,2.83,0.96,1.36,0.0,0.0,49.91,25.42,nan,nan,nan,nan
UD_Turkish-BOUN,relative,bert-base-multilingual-cased,True,False,single,48.66,40.83,34.83,5.19,0.0,86.07,49.45,nan,nan,nan,nan
UD_Turkish-BOUN,2-planar-brackets-greedy,xlm-roberta-base,True,True,multi,30.45,16.95,9.14,1.56,0.0,65.97,nan,nan,49.56,99.65,52.94
UD_Turkish-BOUN,relative,bert-base-multilingual-cased,True,False,multi,50.52,40.76,35.46,5.24,0.0,86.15,nan,54.92,nan,nan,74.7
UD_Ligurian-GLT,relative,xlm-roberta-base,False,True,single,26.68,14.78,1.02,0.0,0.0,50.35,21.5,nan,nan,nan,nan
UD_Turkish-BOUN,absolute,bert-base-multilingual-cased,True,False,single,15.19,10.24,9.44,1.19,0.0,86.14,27.79,nan,nan,nan,nan
UD_Turkish-BOUN,absolute,bert-base-multilingual-cased,True,False,multi,27.73,21.74,19.84,1.37,0.0,86.22,nan,30.63,nan,nan,74.86
UD_Turkish-BOUN,relative,xlm-roberta-base,True,True,multi,37.6,21.3,12.01,2.44,0.0,65.93,nan,49.9,nan,nan,52.92
UD_Ligurian-GLT,absolute,xlm-roberta-base,False,True,single,5.76,1.39,1.9,0.0,0.0,50.13,11.48,nan,nan,nan,nan
UD_Vietnamese-VTB,2-planar-brackets-greedy,bert-base-multilingual-cased,True,True,single,24.58,12.25,10.81,5.36,0.0,67.55,32.62,nan,nan,nan,nan
UD_Turkish-BOUN,2-planar-brackets-greedy,xlm-roberta-base,True,False,single,52.13,40.12,36.35,3.82,0.0,86.2,49.47,nan,nan,nan,nan
UD_Vietnamese-VTB,relative,bert-base-multilingual-cased,True,True,single,25.35,12.0,12.22,5.6,0.0,67.72,31.11,nan,nan,nan,nan
UD_Turkish-BOUN,absolute,xlm-roberta-base,True,True,multi,10.95,5.71,4.22,0.52,0.0,65.99,nan,31.26,nan,nan,52.78
UD_Turkish-BOUN,2-planar-brackets-greedy,xlm-roberta-base,True,False,multi,53.15,42.17,39.0,4.42,0.0,86.13,nan,nan,58.45,99.67,74.48
UD_Ligurian-GLT,2-planar-brackets-greedy,bert-base-multilingual-cased,False,True,multi,4.61,2.21,2.56,0.0,0.0,51.67,nan,nan,45.03,95.78,42.3
UD_Vietnamese-VTB,absolute,bert-base-multilingual-cased,True,True,single,10.53,4.9,3.19,1.27,0.0,67.67,20.81,nan,nan,nan,nan
UD_Turkish-BOUN,relative,xlm-roberta-base,True,False,single,41.48,34.68,27.4,4.6,0.0,86.25,46.43,nan,nan,nan,nan
UD_Ligurian-GLT,relative,bert-base-multilingual-cased,False,True,multi,28.79,15.69,3.45,0.41,0.0,53.25,nan,34.43,nan,nan,40.85
UD_Turkish-BOUN,relative,xlm-roberta-base,True,False,multi,50.8,40.77,36.0,5.3,0.0,86.19,nan,53.18,nan,nan,74.57
UD_Vietnamese-VTB,2-planar-brackets-greedy,xlm-roberta-base,True,True,single,23.44,11.07,9.75,5.15,0.0,66.13,32.23,nan,nan,nan,nan
UD_Ligurian-GLT,absolute,bert-base-multilingual-cased,False,True,multi,4.99,2.26,2.79,0.0,0.0,52.37,nan,15.39,nan,nan,41.91
UD_Turkish-BOUN,absolute,xlm-roberta-base,True,False,single,5.86,3.32,2.75,0.63,0.0,86.15,25.1,nan,nan,nan,nan
UD_Vietnamese-VTB,relative,xlm-roberta-base,True,True,single,25.14,11.16,11.47,5.59,0.0,66.29,30.37,nan,nan,nan,nan
UD_Turkish-BOUN,absolute,xlm-roberta-base,True,False,multi,27.5,21.03,19.59,1.4,0.0,86.04,nan,31.21,nan,nan,74.47
UD_Ligurian-GLT,2-planar-brackets-greedy,bert-base-multilingual-cased,False,False,single,5.37,3.02,1.76,0.14,0.0,68.56,32.76,nan,nan,nan,nan
UD_Ligurian-GLT,2-planar-brackets-greedy,xlm-roberta-base,False,True,multi,5.52,2.64,3.76,0.14,0.0,50.44,nan,nan,42.66,95.07,41.16
UD_Ligurian-GLT,2-planar-brackets-greedy,bert-base-multilingual-cased,False,False,multi,11.76,6.86,4.8,0.65,0.0,70.4,nan,nan,46.0,97.71,52.77
UD_Ligurian-GLT,relative,bert-base-multilingual-cased,False,False,single,31.72,19.24,2.8,0.0,0.0,67.85,25.11,nan,nan,nan,nan
UD_Vietnamese-VTB,absolute,xlm-roberta-base,True,True,single,9.76,4.42,3.15,1.35,0.0,66.26,20.58,nan,nan,nan,nan
UD_Ligurian-GLT,relative,xlm-roberta-base,False,True,multi,27.35,14.35,3.91,0.13,0.0,52.24,nan,32.5,nan,nan,40.85
UD_Ligurian-GLT,relative,bert-base-multilingual-cased,False,False,multi,32.68,22.6,6.36,0.86,0.0,69.7,nan,37.99,nan,nan,52.86
UD_Ligurian-GLT,absolute,bert-base-multilingual-cased,False,False,single,2.83,0.96,0.6,0.0,0.0,66.8,12.8,nan,nan,nan,nan
UD_Basque-BDT,2-planar-brackets-greedy,bert-base-multilingual-cased,True,True,single,28.03,17.22,10.93,0.83,0.0,66.95,34.18,nan,nan,nan,nan
UD_Ligurian-GLT,absolute,bert-base-multilingual-cased,False,False,multi,8.97,4.56,5.37,0.68,0.0,68.51,nan,12.62,nan,nan,51.54
UD_Ligurian-GLT,absolute,xlm-roberta-base,False,True,multi,3.12,1.39,1.98,0.14,0.0,50.31,nan,16.18,nan,nan,40.55
UD_Ligurian-GLT,2-planar-brackets-greedy,xlm-roberta-base,False,False,single,32.77,8.25,3.31,0.0,0.0,36.76,12.14,nan,nan,nan,nan
UD_Basque-BDT,relative,bert-base-multilingual-cased,True,True,single,27.56,18.78,12.81,1.18,0.0,66.89,32.01,nan,nan,nan,nan
UD_Vietnamese-VTB,2-planar-brackets-greedy,bert-base-multilingual-cased,True,True,multi,24.56,13.75,10.55,5.06,0.0,67.6,nan,nan,42.16,99.23,50.47
UD_Basque-BDT,absolute,bert-base-multilingual-cased,True,True,single,8.72,4.03,3.09,0.22,0.0,66.98,23.17,nan,nan,nan,nan
UD_Ligurian-GLT,2-planar-brackets-greedy,xlm-roberta-base,False,False,multi,2.5,1.39,1.35,0.0,0.0,30.52,nan,nan,30.26,91.64,36.15
UD_Vietnamese-VTB,relative,bert-base-multilingual-cased,True,True,multi,26.21,11.69,11.52,5.82,0.0,67.55,nan,42.57,nan,nan,50.34
UD_Ligurian-GLT,relative,xlm-roberta-base,False,False,single,28.69,6.09,3.77,0.0,0.0,34.21,6.46,nan,nan,nan,nan
UD_Vietnamese-VTB,absolute,bert-base-multilingual-cased,True,True,multi,13.76,7.99,5.92,2.59,0.0,67.44,nan,24.98,nan,nan,49.94
UD_Basque-BDT,2-planar-brackets-greedy,xlm-roberta-base,True,True,single,26.75,16.46,11.18,0.96,0.0,65.64,34.22,nan,nan,nan,nan
UD_Ligurian-GLT,relative,xlm-roberta-base,False,False,multi,16.22,1.39,0.0,0.0,0.0,46.35,nan,20.1,nan,nan,17.41
UD_Ligurian-GLT,absolute,xlm-roberta-base,False,False,single,2.83,1.3,1.75,0.0,0.0,37.95,0.88,nan,nan,nan,nan
UD_Vietnamese-VTB,2-planar-brackets-greedy,xlm-roberta-base,True,True,multi,23.18,11.74,9.19,4.58,0.0,66.33,nan,nan,41.3,99.34,49.15
UD_Vietnamese-VTB,2-planar-brackets-greedy,bert-base-multilingual-cased,True,False,single,37.22,26.96,24.82,17.02,0.0,84.32,41.56,nan,nan,nan,nan
UD_Basque-BDT,relative,xlm-roberta-base,True,True,single,25.83,17.78,11.64,1.04,0.0,65.68,31.43,nan,nan,nan,nan
UD_Ligurian-GLT,absolute,xlm-roberta-base,False,False,multi,2.59,1.2,1.79,0.0,0.0,39.93,nan,8.18,nan,nan,25.07
UD_Vietnamese-VTB,relative,bert-base-multilingual-cased,True,False,single,29.23,20.74,23.3,17.15,0.0,84.34,41.13,nan,nan,nan,nan
UD_Vietnamese-VTB,relative,xlm-roberta-base,True,True,multi,26.28,11.48,11.43,6.03,0.0,66.02,nan,42.19,nan,nan,49.58
UD_Vietnamese-VTB,2-planar-brackets-greedy,bert-base-multilingual-cased,True,False,multi,41.36,29.82,25.44,15.92,0.0,84.5,nan,nan,49.98,99.51,64.92
UD_Basque-BDT,absolute,xlm-roberta-base,True,True,single,8.59,4.04,3.0,0.22,0.0,65.6,23.2,nan,nan,nan,nan
UD_Vietnamese-VTB,absolute,bert-base-multilingual-cased,True,False,single,13.32,6.68,4.36,2.39,0.0,84.39,21.45,nan,nan,nan,nan
UD_Vietnamese-VTB,relative,bert-base-multilingual-cased,True,False,multi,35.22,23.65,26.2,17.63,0.0,84.55,nan,48.8,nan,nan,64.88
UD_Bhojpuri-BHTB,2-planar-brackets-greedy,bert-base-multilingual-cased,False,True,single,13.74,12.46,0.37,0.0,0.0,52.25,34.08,nan,nan,nan,nan
UD_Vietnamese-VTB,absolute,xlm-roberta-base,True,True,multi,12.41,6.56,4.78,2.04,0.0,66.44,nan,25.08,nan,nan,49.34
UD_Bhojpuri-BHTB,relative,bert-base-multilingual-cased,False,True,single,33.17,24.07,15.43,0.22,0.0,54.78,33.51,nan,nan,nan,nan
UD_Vietnamese-VTB,absolute,bert-base-multilingual-cased,True,False,multi,22.71,15.7,13.51,7.21,0.0,84.57,nan,25.7,nan,nan,64.69
UD_Basque-BDT,2-planar-brackets-greedy,bert-base-multilingual-cased,True,True,multi,25.09,15.71,9.85,0.67,0.0,67.05,nan,nan,42.29,94.13,55.8
UD_Vietnamese-VTB,2-planar-brackets-greedy,xlm-roberta-base,True,False,single,15.78,8.41,11.21,8.13,0.0,74.44,31.24,nan,nan,nan,nan
UD_Bhojpuri-BHTB,absolute,bert-base-multilingual-cased,False,True,single,3.41,1.38,1.27,0.0,0.0,54.02,16.68,nan,nan,nan,nan
UD_Vietnamese-VTB,2-planar-brackets-greedy,xlm-roberta-base,True,False,multi,30.23,20.59,18.6,10.83,0.0,75.25,nan,nan,42.43,99.54,60.32
UD_Basque-BDT,relative,bert-base-multilingual-cased,True,True,multi,28.35,17.49,11.84,0.84,0.0,66.95,nan,40.34,nan,nan,55.85
UD_Bhojpuri-BHTB,2-planar-brackets-greedy,xlm-roberta-base,False,True,single,13.1,11.29,0.38,0.0,0.0,49.52,33.46,nan,nan,nan,nan
UD_Vietnamese-VTB,relative,xlm-roberta-base,True,False,single,24.03,14.16,16.24,11.76,0.0,74.62,35.77,nan,nan,nan,nan
UD_Vietnamese-VTB,relative,xlm-roberta-base,True,False,multi,29.35,16.51,19.32,12.84,0.0,75.11,nan,46.01,nan,nan,59.98
UD_Basque-BDT,absolute,bert-base-multilingual-cased,True,True,multi,15.91,9.43,6.91,0.48,0.0,66.9,nan,26.68,nan,nan,55.75
UD_Bhojpuri-BHTB,relative,xlm-roberta-base,False,True,single,30.46,22.15,13.94,0.3,0.0,49.95,32.22,nan,nan,nan,nan
UD_Vietnamese-VTB,absolute,xlm-roberta-base,True,False,single,6.97,1.97,1.15,0.77,0.0,74.93,18.83,nan,nan,nan,nan
UD_Vietnamese-VTB,absolute,xlm-roberta-base,True,False,multi,19.0,12.64,10.83,5.21,0.0,74.24,nan,23.71,nan,nan,59.05
UD_Bhojpuri-BHTB,absolute,xlm-roberta-base,False,True,single,4.95,1.54,1.34,0.0,0.0,49.9,16.49,nan,nan,nan,nan
UD_Basque-BDT,2-planar-brackets-greedy,bert-base-multilingual-cased,True,False,single,52.01,41.94,37.76,5.57,0.0,88.9,49.43,nan,nan,nan,nan
UD_Basque-BDT,2-planar-brackets-greedy,xlm-roberta-base,True,True,multi,23.89,14.96,9.88,0.57,0.0,65.61,nan,nan,42.36,94.16,55.25
UD_Kiche-IU,2-planar-brackets-greedy,bert-base-multilingual-cased,False,True,single,51.8,36.81,23.93,5.0,0.0,74.59,53.22,nan,nan,nan,nan
UD_Basque-BDT,2-planar-brackets-greedy,bert-base-multilingual-cased,True,False,multi,51.55,41.71,37.9,5.01,0.01,88.88,nan,nan,55.57,94.17,76.4
UD_Basque-BDT,relative,bert-base-multilingual-cased,True,False,single,44.65,37.63,34.36,5.09,0.0,88.85,46.45,nan,nan,nan,nan
UD_Kiche-IU,relative,bert-base-multilingual-cased,False,True,single,47.68,36.49,29.0,6.85,0.0,74.54,50.89,nan,nan,nan,nan
UD_Basque-BDT,relative,xlm-roberta-base,True,True,multi,26.59,16.32,11.24,0.77,0.0,65.6,nan,39.49,nan,nan,55.44
UD_Basque-BDT,relative,bert-base-multilingual-cased,True,False,multi,44.14,35.28,32.28,4.37,0.0,88.9,nan,49.7,nan,nan,76.35
UD_Kiche-IU,absolute,bert-base-multilingual-cased,False,True,single,32.46,20.55,16.77,1.41,0.0,74.23,45.89,nan,nan,nan,nan
UD_Basque-BDT,absolute,bert-base-multilingual-cased,True,False,single,19.56,13.51,10.57,1.31,0.0,88.9,26.19,nan,nan,nan,nan
UD_Basque-BDT,absolute,bert-base-multilingual-cased,True,False,multi,33.35,27.44,22.76,3.25,0.01,88.91,nan,28.96,nan,nan,76.35
UD_Basque-BDT,absolute,xlm-roberta-base,True,True,multi,14.84,8.84,6.85,0.47,0.0,65.58,nan,26.7,nan,nan,55.33
UD_Kiche-IU,2-planar-brackets-greedy,xlm-roberta-base,False,True,single,48.2,32.85,21.88,4.26,0.0,73.57,51.38,nan,nan,nan,nan
UD_Bhojpuri-BHTB,2-planar-brackets-greedy,bert-base-multilingual-cased,False,True,multi,13.21,10.6,1.02,0.0,0.0,54.88,nan,nan,41.78,92.93,47.66
UD_Basque-BDT,2-planar-brackets-greedy,xlm-roberta-base,True,False,single,48.31,37.43,33.84,4.51,0.0,85.89,42.31,nan,nan,nan,nan
UD_Kiche-IU,relative,xlm-roberta-base,False,True,single,46.79,35.47,28.12,6.44,0.0,73.47,50.0,nan,nan,nan,nan
UD_Bhojpuri-BHTB,relative,bert-base-multilingual-cased,False,True,multi,32.69,22.47,14.84,0.29,0.0,54.16,nan,42.83,nan,nan,48.14
UD_Basque-BDT,2-planar-brackets-greedy,xlm-roberta-base,True,False,multi,47.49,37.64,34.01,4.23,0.01,85.83,nan,nan,49.4,94.17,73.23
UD_Bhojpuri-BHTB,absolute,bert-base-multilingual-cased,False,True,multi,1.76,0.64,0.5,0.0,0.0,52.39,nan,21.37,nan,nan,45.65
UD_Kiche-IU,absolute,xlm-roberta-base,False,True,single,32.3,20.55,17.82,1.54,0.0,73.21,45.33,nan,nan,nan,nan
UD_Basque-BDT,relative,xlm-roberta-base,True,False,single,36.5,29.48,24.52,3.57,0.0,85.85,41.31,nan,nan,nan,nan
UD_Bhojpuri-BHTB,2-planar-brackets-greedy,xlm-roberta-base,False,True,multi,12.62,10.49,0.59,0.0,0.0,51.34,nan,nan,43.16,93.88,47.23
UD_Basque-BDT,relative,xlm-roberta-base,True,False,multi,41.03,31.6,28.64,3.72,0.0,85.87,nan,46.13,nan,nan,73.24
UD_Bhojpuri-BHTB,relative,xlm-roberta-base,False,True,multi,30.14,19.91,11.79,0.22,0.0,51.29,nan,40.2,nan,nan,47.9
UD_Basque-BDT,absolute,xlm-roberta-base,True,False,single,7.53,3.81,3.05,0.29,0.0,85.89,23.06,nan,nan,nan,nan
UD_Bhojpuri-BHTB,absolute,xlm-roberta-base,False,True,multi,1.33,0.59,0.36,0.0,0.0,48.09,nan,19.98,nan,nan,45.46
UD_Bhojpuri-BHTB,2-planar-brackets-greedy,bert-base-multilingual-cased,False,False,single,16.08,13.37,0.39,0.0,0.0,57.74,33.41,nan,nan,nan,nan
UD_Basque-BDT,absolute,xlm-roberta-base,True,False,multi,33.77,27.02,21.8,2.94,0.01,85.78,nan,27.78,nan,nan,73.19
UD_Bhojpuri-BHTB,relative,bert-base-multilingual-cased,False,False,single,35.2,26.14,16.74,0.23,0.0,57.74,34.23,nan,nan,nan,nan
UD_Kiche-IU,2-planar-brackets-greedy,bert-base-multilingual-cased,False,True,multi,52.75,38.51,25.21,5.22,0.0,74.57,nan,nan,63.84,99.69,67.13
UD_Bhojpuri-BHTB,2-planar-brackets-greedy,bert-base-multilingual-cased,False,False,multi,15.6,13.84,0.53,0.0,0.0,58.27,nan,nan,45.55,98.42,51.63
UD_Bhojpuri-BHTB,absolute,bert-base-multilingual-cased,False,False,single,2.61,0.59,0.36,0.0,0.0,57.93,16.06,nan,nan,nan,nan
UD_Kiche-IU,relative,bert-base-multilingual-cased,False,True,multi,45.52,33.67,26.3,6.8,0.0,74.16,nan,57.94,nan,nan,67.49
UD_Bhojpuri-BHTB,relative,bert-base-multilingual-cased,False,False,multi,34.82,25.83,14.48,0.3,0.0,57.46,nan,44.5,nan,nan,52.2
UD_Kiche-IU,absolute,bert-base-multilingual-cased,False,True,multi,32.4,23.56,22.04,2.77,0.0,73.54,nan,49.41,nan,nan,67.26
UD_Bhojpuri-BHTB,absolute,bert-base-multilingual-cased,False,False,multi,1.33,0.85,0.37,0.0,0.0,55.93,nan,19.31,nan,nan,50.72
UD_Bhojpuri-BHTB,2-planar-brackets-greedy,xlm-roberta-base,False,False,single,22.58,2.88,2.72,0.21,0.0,36.85,15.3,nan,nan,nan,nan
UD_Kiche-IU,2-planar-brackets-greedy,xlm-roberta-base,False,True,multi,51.67,36.35,23.85,5.03,0.0,73.62,nan,nan,63.0,99.69,65.5
UD_Bhojpuri-BHTB,2-planar-brackets-greedy,xlm-roberta-base,False,False,multi,7.14,6.28,0.57,0.0,0.0,29.88,nan,nan,32.89,88.77,42.45
UD_Kiche-IU,relative,xlm-roberta-base,False,True,multi,44.9,33.21,25.49,6.82,0.0,73.65,nan,56.44,nan,nan,65.7
UD_Bhojpuri-BHTB,relative,xlm-roberta-base,False,False,single,24.65,14.91,5.96,0.07,0.0,41.78,14.58,nan,nan,nan,nan
UD_Bhojpuri-BHTB,relative,xlm-roberta-base,False,False,multi,22.15,9.42,0.14,0.07,0.0,41.2,nan,27.82,nan,nan,30.26
UD_Kiche-IU,absolute,xlm-roberta-base,False,True,multi,32.23,22.51,20.74,2.44,0.0,73.47,nan,48.21,nan,nan,65.3
UD_Bhojpuri-BHTB,absolute,xlm-roberta-base,False,False,single,1.33,0.27,0.32,0.0,0.0,42.5,1.24,nan,nan,nan,nan
UD_Kiche-IU,2-planar-brackets-greedy,bert-base-multilingual-cased,False,False,single,53.89,38.12,27.79,6.18,0.0,78.04,53.42,nan,nan,nan,nan
UD_Bhojpuri-BHTB,absolute,xlm-roberta-base,False,False,multi,1.33,0.85,0.41,0.0,0.0,29.64,nan,8.32,nan,nan,42.5
UD_Kiche-IU,relative,bert-base-multilingual-cased,False,False,single,46.01,33.97,28.08,7.43,0.0,78.35,49.82,nan,nan,nan,nan
UD_Kiche-IU,2-planar-brackets-greedy,bert-base-multilingual-cased,False,False,multi,56.77,40.61,28.32,6.47,0.0,78.55,nan,nan,62.92,99.64,68.95
UD_Kiche-IU,absolute,bert-base-multilingual-cased,False,False,single,34.85,21.99,17.3,1.2,0.0,78.19,44.99,nan,nan,nan,nan
UD_Kiche-IU,relative,bert-base-multilingual-cased,False,False,multi,46.73,33.25,26.11,6.83,0.0,78.47,nan,59.45,nan,nan,68.74
UD_Kiche-IU,absolute,bert-base-multilingual-cased,False,False,multi,38.58,26.24,24.2,2.48,0.0,77.63,nan,49.59,nan,nan,68.44
UD_Kiche-IU,2-planar-brackets-greedy,xlm-roberta-base,False,False,single,31.41,17.21,14.73,0.12,0.0,64.27,41.7,nan,nan,nan,nan
UD_Kiche-IU,2-planar-brackets-greedy,xlm-roberta-base,False,False,multi,40.87,23.27,14.52,0.9,0.0,65.32,nan,nan,53.7,99.74,57.58
UD_Kiche-IU,relative,xlm-roberta-base,False,False,single,36.78,21.11,19.89,3.17,0.0,64.79,39.81,nan,nan,nan,nan
UD_Kiche-IU,relative,xlm-roberta-base,False,False,multi,37.3,21.83,15.91,2.4,0.0,64.86,nan,54.65,nan,nan,56.84
UD_Kiche-IU,absolute,xlm-roberta-base,False,False,single,26.77,14.82,10.48,0.19,0.0,65.47,39.12,nan,nan,nan,nan
UD_Kiche-IU,absolute,xlm-roberta-base,False,False,multi,32.56,18.55,14.73,0.62,0.0,64.48,nan,47.01,nan,nan,57.28
